Operation Date,Status,Currency Ticker,Operation Type,Operation Amount,Operation Fees,Operation Hash,Account Name,Account xpub,Countervalue Ticker,Countervalue at Operation Date,Countervalue at CSV Export
2025-10-04T06:04:22.000Z,Confirmed,BTC,IN,0.00522519,0.00002,6feb94f49233af34cd3f5abe2cd5e7459b23729727666231016198be3933630c,BTC,xpub6BgzNEknk2B5tMGRKoNrpCbu435dtAQQXiq1DENttBFToUeZvNtr7CeQhPEGrzGHZ4vyMWQYaR9yH1PNSEFpqDvee1dp49SMxqgBN2K3fg6,USD,640.42,639.50
2025-09-01T01:17:58.000Z,Confirmed,BTC,IN,0.00161509,0.00002,61979a6c1450dfef4afb3a968441c48d6527f36d9f656487b0d90db9ab2a05f2,BTC,xpub6BgzNEknk2B5tMGRKoNrpCbu435dtAQQXiq1DENttBFToUeZvNtr7CeQhPEGrzGHZ4vyMWQYaR9yH1PNSEFpqDvee1dp49SMxqgBN2K3fg6,USD,174.73,197.66
2025-07-26T14:15:56.000Z,Confirmed,BTC,IN,0.00167126,0.00000812,76227e993bdf6d3aa6a0eb119a35bf62a16f3edb9b1e6da982b7b59b424e3a3e,BTC,xpub6BgzNEknk2B5tMGRKoNrpCbu435dtAQQXiq1DENttBFToUeZvNtr7CeQhPEGrzGHZ4vyMWQYaR9yH1PNSEFpqDvee1dp49SMxqgBN2K3fg6,USD,197.49,204.54
2025-07-26T07:47:28.000Z,Confirmed,BTC,IN,0.00171305,0.00001086,a22d0457330611f435f8a63ebf0204d6d270483d295b70faca0b6a500551c458,BTC,xpub6BgzNEknk2B5tMGRKoNrpCbu435dtAQQXiq1DENttBFToUeZvNtr7CeQhPEGrzGHZ4vyMWQYaR9yH1PNSEFpqDvee1dp49SMxqgBN2K3fg6,USD,201.10,209.65
2025-07-16T09:01:50.000Z,Confirmed,BTC,IN,0.00097548,0.00001437,3401d285dbdc200130880424ce1dd735821bef109aee0fc4b04bd4a60561a6a3,BTC,xpub6BgzNEknk2B5tMGRKoNrpCbu435dtAQQXiq1DENttBFToUeZvNtr7CeQhPEGrzGHZ4vyMWQYaR9yH1PNSEFpqDvee1dp49SMxqgBN2K3fg6,USD,116.07,119.38
2025-06-13T02:14:30.000Z,Confirmed,BTC,IN,0.00095,0.00008534,f78ef49598536b0feeb8a32eb64fa2fee5c6c096149d0994aced14b9240883ee,BTC,xpub6BgzNEknk2B5tMGRKoNrpCbu435dtAQQXiq1DENttBFToUeZvNtr7CeQhPEGrzGHZ4vyMWQYaR9yH1PNSEFpqDvee1dp49SMxqgBN2K3fg6,USD,98.54,116.26
2025-06-13T02:14:30.000Z,Confirmed,BTC,IN,0.00095,0.00006566,0584be77511ef2047d9a85088c767288f265f630d7f3344449690defcf4134e3,BTC,xpub6BgzNEknk2B5tMGRKoNrpCbu435dtAQQXiq1DENttBFToUeZvNtr7CeQhPEGrzGHZ4vyMWQYaR9yH1PNSEFpqDvee1dp49SMxqgBN2K3fg6,USD,98.54,116.26
2025-06-08T16:37:33.000Z,Confirmed,BTC,IN,0.00122974,0.00000999,b89ffda34d2cd1c5d992447852d4e754a179b3ed24a44afac77d4ec5da7e5891,BTC,xpub6BgzNEknk2B5tMGRKoNrpCbu435dtAQQXiq1DENttBFToUeZvNtr7CeQhPEGrzGHZ4vyMWQYaR9yH1PNSEFpqDvee1dp49SMxqgBN2K3fg6,USD,130.59,150.50
2025-05-28T22:29:50.000Z,Confirmed,BTC,IN,0.00092281,0.00022837,77ea07eaea148e083d6ff91f956a03289071753c42e35c1d1e20587bba0a9bd2,BTC,xpub6BgzNEknk2B5tMGRKoNrpCbu435dtAQQXiq1DENttBFToUeZvNtr7CeQhPEGrzGHZ4vyMWQYaR9yH1PNSEFpqDvee1dp49SMxqgBN2K3fg6,USD,99.21,112.94
2025-05-25T02:20:26.000Z,Confirmed,BTC,IN,0.00390393,0.000008,b540b8c53c66fc823ff64f8356d6bf4c0326024e4835b83c59283faecd2556c0,BTC,xpub6BgzNEknk2B5tMGRKoNrpCbu435dtAQQXiq1DENttBFToUeZvNtr7CeQhPEGrzGHZ4vyMWQYaR9yH1PNSEFpqDvee1dp49SMxqgBN2K3fg6,USD,420.70,477.79
2025-05-22T14:56:58.000Z,Confirmed,BTC,OUT,0.00100582,0.00000582,4b4bd16374c1ee4b416f2e8f72aff49c45ef09f3b98a41355a1418180f267466,BTC,xpub6BgzNEknk2B5tMGRKoNrpCbu435dtAQQXiq1DENttBFToUeZvNtr7CeQhPEGrzGHZ4vyMWQYaR9yH1PNSEFpqDvee1dp49SMxqgBN2K3fg6,USD,111.83,123.10
2025-05-15T16:26:22.000Z,Confirmed,BTC,IN,0.00083745,0.00002,d84964893e0143247cbe9b93e54434cfd683abf175104b57df8bd57fd5b0c41b,BTC,xpub6BgzNEknk2B5tMGRKoNrpCbu435dtAQQXiq1DENttBFToUeZvNtr7CeQhPEGrzGHZ4vyMWQYaR9yH1PNSEFpqDvee1dp49SMxqgBN2K3fg6,USD,86.33,102.49
2025-05-12T23:33:03.000Z,Confirmed,BTC,IN,0.00123895,0.00006486,ee1cd31fddc81b5fc47380d571af5b4a6ff13bb5acd45fc733f2316adb53cae5,BTC,xpub6BgzNEknk2B5tMGRKoNrpCbu435dtAQQXiq1DENttBFToUeZvNtr7CeQhPEGrzGHZ4vyMWQYaR9yH1PNSEFpqDvee1dp49SMxqgBN2K3fg6,USD,127.53,151.63
2025-10-04T17:54:35.000Z,Confirmed,ETH,OUT,0.128020752434987751,0.000020752434987751,0x7f5cbc1f439b775cfca65d9cff27cc8b274c4d6f71dda25e540e7c3fdeaf9471,ETH,0xC08413B63ecA84E2d9693af9414330dA88dcD81C,USD,572.11,574.55
2025-10-04T05:49:47.000Z,Confirmed,ETH,IN,0.12061547,0.000023593334646,0x340ea0bf7583ca918320a03c2768c942d75598528ce28fa20a0da29a85d3207f,ETH,0xC08413B63ecA84E2d9693af9414330dA88dcD81C,USD,542.59,541.32
2025-09-19T00:05:47.000Z,Confirmed,ETH,IN,0.000000001,0.00000400837752,0x83f625c09f19cdbc53e81bec01f427987f1a60708485318afd5f22094467ee13,ETH,0xC08413B63ecA84E2d9693af9414330dA88dcD81C,USD,0.00,0.00
2025-09-18T23:58:11.000Z,Confirmed,ETH,IN,0.000000001,0.000003518051691,0xa90a2c202e9e44dbdc78673eccfbddffabd3b60ff5c916d9089d893a046295eb,ETH,0xC08413B63ecA84E2d9693af9414330dA88dcD81C,USD,0.00,0.00
2025-09-18T17:59:11.000Z,Confirmed,ETH,OUT,0.10010045744821,0.00010045744821,0x970aa99727d380896e7a30432c966e120cefbed0669c8ef79997842656ac1e1a,ETH,0xC08413B63ecA84E2d9693af9414330dA88dcD81C,USD,463.35,449.24
2025-09-09T23:49:47.000Z,Failed,ETH,OUT,0.00001944057325834,0.00001944057325834,0x1166dba67fc70e980cc6cc90aa4da20d5717681947732b9bf9f67e1ee0d37b64,ETH,0xC08413B63ecA84E2d9693af9414330dA88dcD81C,USD,0.08,0.08
2025-09-09T23:32:47.000Z,Confirmed,ETH,IN,0.10285114,0.000023738814771,0x7dcb7b5e501a59eebaedfa30b6b7ebe04d1964dae8df2c0ea8b93f26e5af9268,ETH,0xC08413B63ecA84E2d9693af9414330dA88dcD81C,USD,443.39,461.59
2025-08-20T07:29:11.000Z,Confirmed,ETH,OUT,0.004111202153545,0.000111202153545,0x0ab6711186ea84b2a0c916ef827131498bde3ade79af0dc845720265d7587530,ETH,0xC08413B63ecA84E2d9693af9414330dA88dcD81C,USD,17.28,18.45
2025-08-20T02:03:47.000Z,Confirmed,ETH,FEES,0.000381521662668122,0.000381521662668122,0xd3ecb54b81a5015a2d3e43771fbb6f388ec615963202e54eda345a2aa1735b45,ETH,0xC08413B63ecA84E2d9693af9414330dA88dcD81C,USD,1.57,1.71
2025-08-17T11:51:11.000Z,Confirmed,ETH,FEES,0.000112743101018427,0.000112743101018427,0x86b6ee1c4163ee966781984d5a505635fa8396d0ca726ea68f3c414c49083e91,ETH,0xC08413B63ecA84E2d9693af9414330dA88dcD81C,USD,0.51,0.50
2025-08-17T11:50:23.000Z,Confirmed,ETH,FEES,0.0001175625485475,0.0001175625485475,0xc44c24a3ab9ff0be967ecd75101feb9094d6f155346f5834ffdd8ff3cb2f1fc3,ETH,0xC08413B63ecA84E2d9693af9414330dA88dcD81C,USD,0.53,0.52
2025-08-17T08:10:35.000Z,Confirmed,ETH,OUT,0.013505822542971,0.000005822542971,0xe424014bc7a62edb7faf7d2b6ab15feb668425b3566d4cff6f8015fde8a2764c,ETH,0xC08413B63ecA84E2d9693af9414330dA88dcD81C,USD,60.56,60.61
2025-08-14T10:32:47.000Z,Confirmed,ETH,IN,0.02323542,0.000037292427207,0x16cfd2a02fbeff043274ecc715cd19eabcd7b4dab3fb5e7d397b0e6d5143e148,ETH,0xC08413B63ecA84E2d9693af9414330dA88dcD81C,USD,110.62,104.28
2025-07-26T14:29:11.000Z,Confirmed,ETH,OUT,0.025595657264103173,0.000075220435764356,0x325d229634a65e9bae3251c284706d59ef7a24a11b0e36017f8bdb5897f5c39f,ETH,0xC08413B63ecA84E2d9693af9414330dA88dcD81C,USD,95.63,114.87
2025-07-26T14:26:23.000Z,Confirmed,ETH,IN,0.02574812,0.000033662647536,0x31b925bc5faeb9c3879fa36591cf83e7278bd1cf9a67e4810320b676bc476f45,ETH,0xC08413B63ecA84E2d9693af9414330dA88dcD81C,USD,96.20,115.55
2025-07-14T19:09:47.000Z,Confirmed,ETH,FEES,0.000490204569190141,0.000490204569190141,0xbe12447ef2a675435c9365467ee32ce8f346caaf5366563ebc7495673e2af3ae,ETH,0xC08413B63ecA84E2d9693af9414330dA88dcD81C,USD,1.46,2.20
2025-07-11T05:22:35.000Z,Confirmed,ETH,OUT,0.090198599225476935,0.000377433713871368,0x7ca875d4cb3448190ac558fc541f98443aa88759091a7c522bec26adfc0ef202,ETH,0xC08413B63ecA84E2d9693af9414330dA88dcD81C,USD,267.91,404.81
2025-07-11T05:21:11.000Z,Confirmed,ETH,FEES,0.00077416394571648,0.00077416394571648,0xe18a3eb57608616efcc485444c156f0990f4b68001f80edb2ae38be4034a2282,ETH,0xC08413B63ecA84E2d9693af9414330dA88dcD81C,USD,2.29,3.47
2025-07-11T05:21:11.000Z,Confirmed,ETH,IN,0.085396617973074446,0,0xe18a3eb57608616efcc485444c156f0990f4b68001f80edb2ae38be4034a2282,ETH,0xC08413B63ecA84E2d9693af9414330dA88dcD81C,USD,253.64,383.25
2025-07-10T13:07:59.000Z,Confirmed,ETH,OUT,0.06025063190682376,0.00025063190682376,0x2a9f61e2fe65ca255065aefc09395bab90b286a27e36339e93e10e730a18af89,ETH,0xC08413B63ecA84E2d9693af9414330dA88dcD81C,USD,167.39,270.40
2025-07-10T13:01:23.000Z,Confirmed,ETH,IN,0.06612895,0.000075571557852,0x54eab49516e5502ae6e85cfbef66b8c42cebd5590541e8bf2a3c688b1d834966,ETH,0xC08413B63ecA84E2d9693af9414330dA88dcD81C,USD,183.73,296.78
2025-07-04T12:33:59.000Z,Confirmed,ETH,OUT,0.14424406895061457,0.000104653743203856,0x5d0b693cc84037b7455202eb5b5361f26692749d33cfa5967d450f497537e0d3,ETH,0xC08413B63ecA84E2d9693af9414330dA88dcD81C,USD,367.84,647.36
2025-07-04T11:00:11.000Z,Confirmed,ETH,IN,0.05430822,0.000033612214125,0x14ac681b4850402f99d83fd822c5ac6dc1133bcb61267d7dc9cbf7fcdc456793,ETH,0xC08413B63ecA84E2d9693af9414330dA88dcD81C,USD,138.63,243.73
2025-07-04T10:32:11.000Z,Confirmed,ETH,OUT,0.47325479963792555,0.00005479963792555,0xbc668234e066ae40dccb41518da2a7d6bbf13db246c4e5e2fe2eab7d600abd91,ETH,0xC08413B63ecA84E2d9693af9414330dA88dcD81C,USD,1207.20,2123.96
2025-06-30T14:27:11.000Z,Confirmed,ETH,FEES,0.000278641395051663,0.000278641395051663,0xfc0e166defd150bff2363d5b71b67fc80f79fcbc58d14607eebf2f78722ba63b,ETH,0xC08413B63ecA84E2d9693af9414330dA88dcD81C,USD,0.68,1.25
2025-06-26T11:14:47.000Z,Confirmed,ETH,FEES,0.000154915052296676,0.000154915052296676,0x59e8f9d63762b7aa05150256ca8c56c9adda7b743d61bb624f957f7a18279fdc,ETH,0xC08413B63ecA84E2d9693af9414330dA88dcD81C,USD,0.37,0.69
2025-06-26T11:12:35.000Z,Failed,ETH,FEES,0.00053990632419144,0.00053990632419144,0x44f6188cfcce413e272a39b3a5b172ecebc031c2a06c36653b69914aba5ea86a,ETH,0xC08413B63ecA84E2d9693af9414330dA88dcD81C,USD,1.32,2.42
2025-06-26T11:11:59.000Z,Confirmed,ETH,FEES,0.000212067864119061,0.000212067864119061,0xfeaa7157b4187fa559ddda92112e0f232a494f3080da9febfc88f2601fece2de,ETH,0xC08413B63ecA84E2d9693af9414330dA88dcD81C,USD,0.51,0.95
2025-06-26T11:04:23.000Z,Confirmed,ETH,FEES,0.000072267603481278,0.000072267603481278,0x8395737bf366254e8e0ac534d2a507381e14a7641c3cabdff9e95f31f8a9f311,ETH,0xC08413B63ecA84E2d9693af9414330dA88dcD81C,USD,0.17,0.32
2025-06-26T10:19:23.000Z,Confirmed,ETH,FEES,0.000239161727663672,0.000239161727663672,0x73871018b4c572513fce4f98be8ee7d656e6ba48daf911cc4fe07b6abbf38ee3,ETH,0xC08413B63ecA84E2d9693af9414330dA88dcD81C,USD,0.58,1.07
2025-06-26T10:19:23.000Z,Confirmed,ETH,IN,0.207002552995524845,0,0x73871018b4c572513fce4f98be8ee7d656e6ba48daf911cc4fe07b6abbf38ee3,ETH,0xC08413B63ecA84E2d9693af9414330dA88dcD81C,USD,509.27,929.02
2025-06-26T10:04:47.000Z,Confirmed,ETH,FEES,0.000270671929000296,0.000270671929000296,0xf6cfecd299366e5df41615d95d771a4d36b73b8b76ffbb8cf54e244e50b742ad,ETH,0xC08413B63ecA84E2d9693af9414330dA88dcD81C,USD,0.66,1.21
2025-06-26T09:56:35.000Z,Confirmed,ETH,FEES,0.000196156103242596,0.000196156103242596,0x29f43e2d17b93b369888c21a28b91508b81ca1871ea27cee3a79d778b95ecdfb,ETH,0xC08413B63ecA84E2d9693af9414330dA88dcD81C,USD,0.48,0.88
2025-06-26T09:52:35.000Z,Confirmed,ETH,FEES,0.000113597818632888,0.000113597818632888,0x269886e7ba2a54d449dc9302371f106fb2af6d42115f8f9de7bcffc59ab3678e,ETH,0xC08413B63ecA84E2d9693af9414330dA88dcD81C,USD,0.28,0.50
2025-06-24T11:23:59.000Z,Confirmed,ETH,OUT,0.010421355100311288,0.000046533547242,0x71be2b3a7d9699aa96ba5336f765bfade117e3f851f95f0467bad25ce5530ca8,ETH,0xC08413B63ecA84E2d9693af9414330dA88dcD81C,USD,25.16,46.77
2025-06-24T11:02:23.000Z,Confirmed,ETH,FEES,0.000111506788312187,0.000111506788312187,0xf2e3154e41e5799f46eea6e001098defa9cef99b031ab9cff56976ad2846f926,ETH,0xC08413B63ecA84E2d9693af9414330dA88dcD81C,USD,0.26,0.50
2025-06-23T23:44:59.000Z,Confirmed,ETH,FEES,0.000160205761571375,0.000160205761571375,0x775996b973960d363f77321efe0dd792cd2ca60bb72d77e48441d9a41f2d9d15,ETH,0xC08413B63ecA84E2d9693af9414330dA88dcD81C,USD,0.38,0.71
2025-06-21T23:42:11.000Z,Confirmed,ETH,IN,0.369489818920940128,0.000065159805942,0x5208feac379cff92e990c67ac8153f58abf7507f15af250dd9b13f6342ab300c,ETH,0xC08413B63ecA84E2d9693af9414330dA88dcD81C,USD,838.04,1658.26
2025-06-21T23:25:47.000Z,Confirmed,ETH,FEES,0.000121987716212907,0.000121987716212907,0x31a29b741337a5cbabcb4c7bc67b1394ede50331e9cb9ac5f8ccc1c86ab95861,ETH,0xC08413B63ecA84E2d9693af9414330dA88dcD81C,USD,0.27,0.54
2025-06-18T02:23:35.000Z,Confirmed,ETH,IN,0.00966037611213312,0.00002339204868,0xe83d84741e9fb304dfb2e55e73ffff974c26f36e40675e48bf5e8cff1bc527d3,ETH,0xC08413B63ecA84E2d9693af9414330dA88dcD81C,USD,24.36,43.35
2025-06-18T02:10:11.000Z,Confirmed,ETH,OUT,0.010061527515051379,0.000022942098039,0xb10c0488077b4e32254538d5c8f0fafa7f86e6ca743156d1ded5b3eb18dc6987,ETH,0xC08413B63ecA84E2d9693af9414330dA88dcD81C,USD,25.37,45.15
2025-06-18T01:46:47.000Z,Confirmed,ETH,IN,0.01,0.000018869290902,0x0e319dba0beadedca8b7e756c68de7574c7a1124e8e759619b5c164b125cb72f,ETH,0xC08413B63ecA84E2d9693af9414330dA88dcD81C,USD,25.27,44.87
2025-06-18T01:46:47.000Z,Confirmed,ETH,OUT,0.010018869290902,0.000018869290902,0x0e319dba0beadedca8b7e756c68de7574c7a1124e8e759619b5c164b125cb72f,ETH,0xC08413B63ecA84E2d9693af9414330dA88dcD81C,USD,25.31,44.96
2025-06-12T22:15:23.000Z,Confirmed,ETH,OUT,0.207094365659823432,0.00021626634734397,0x720649f1713e3606bc0bfbdbebeb71e25a2b6c51b989a0319c2aef366fc1b910,ETH,0xC08413B63ecA84E2d9693af9414330dA88dcD81C,USD,547.09,929.43
2025-06-12T22:04:35.000Z,Confirmed,ETH,IN,0.18515566,0.000075388426491,0x205c32799907531d2aecfe4865ca3e3670b4475d44caacf085119719c2e50602,ETH,0xC08413B63ecA84E2d9693af9414330dA88dcD81C,USD,489.14,830.97
2025-06-09T02:05:11.000Z,Confirmed,ETH,FEES,0.000036099493961189,0.000036099493961189,0x48c88f217e19aa729087932a08e6ecd9c797db422b3bf34dcb20d7a59026168f,ETH,0xC08413B63ecA84E2d9693af9414330dA88dcD81C,USD,0.09,0.16
2025-06-04T22:22:11.000Z,Confirmed,ETH,IN,0.03205589,0.00008688103851,0x98ca86d17cca66bed16ce9a0fbcc3e61e0c6a1e105698bd9797f774c663e3e52,ETH,0xC08413B63ecA84E2d9693af9414330dA88dcD81C,USD,83.69,143.86
2025-05-28T22:45:11.000Z,Confirmed,ETH,OUT,0.392951366300297631,0.000069773839863,0xcee7a2d262dfc4fc36397e97e47074f70b975a230c04b249d84493c646c91757,ETH,0xC08413B63ecA84E2d9693af9414330dA88dcD81C,USD,1039.58,1763.56
2025-05-25T07:37:59.000Z,Confirmed,ETH,FEES,0.000043058822249374,0.000043058822249374,0xd1fa87174306204ee7f5571c8dafe42e974db7b6f6fe3f8fdf7efc7b47fa7f62,ETH,0xC08413B63ecA84E2d9693af9414330dA88dcD81C,USD,0.10,0.19
2025-05-25T07:10:23.000Z,Confirmed,ETH,IN,0.09970791,0.000049217096901,0x4e46239095c8b26236926fa0d21c59b3d496367110a480b2fbb8b469f4a4629f,ETH,0xC08413B63ecA84E2d9693af9414330dA88dcD81C,USD,248.19,447.48
2025-05-15T16:08:47.000Z,Confirmed,ETH,FEES,0.000553016766243256,0.000553016766243256,0x1677a2a1b6a7cdde160e5de3b0710fdf84c03aaaaad5f83b4cedf3606f617c0c,ETH,0xC08413B63ecA84E2d9693af9414330dA88dcD81C,USD,1.41,2.48
2025-05-15T15:43:23.000Z,Confirmed,ETH,FEES,0.000431527848349164,0.000431527848349164,0xb75907df06a6f4d75b23706788046d5b7f97a769a779600965282d668333b5b1,ETH,0xC08413B63ecA84E2d9693af9414330dA88dcD81C,USD,1.09,1.93
2025-05-15T15:40:11.000Z,Confirmed,ETH,FEES,0.000410686113700575,0.000410686113700575,0x59e6b54403222421f651ffda55391d824f5d3a343a1148edc22ab564df3c31c6,ETH,0xC08413B63ecA84E2d9693af9414330dA88dcD81C,USD,1.04,1.84
2025-05-15T15:30:47.000Z,Confirmed,ETH,IN,0.29468702,0.000154786645902,0x386c8224be32a2e30753063fb62b122674e6805b5f4be667c77752f8ffff9739,ETH,0xC08413B63ecA84E2d9693af9414330dA88dcD81C,USD,747.23,1322.55
2025-10-04T17:54:35.000Z,Confirmed,STETH,IN,0.127999999999999999,,0x7f5cbc1f439b775cfca65d9cff27cc8b274c4d6f71dda25e540e7c3fdeaf9471,ETH,0xC08413B63ecA84E2d9693af9414330dA88dcD81C,USD,571.74,574.28
2025-08-20T07:34:35.000Z,Confirmed,STETH,IN,0.1499911,,0x1733226a8902fe528d02d1f129cda89bfd1eade9e444d31a9a8c53fd5790c5be,ETH,0xC08413B63ecA84E2d9693af9414330dA88dcD81C,USD,628.83,672.94
2025-08-20T02:03:47.000Z,Confirmed,STETH,OUT,0.15,,0xd3ecb54b81a5015a2d3e43771fbb6f388ec615963202e54eda345a2aa1735b45,ETH,0xC08413B63ecA84E2d9693af9414330dA88dcD81C,USD,618.14,672.98
2025-08-17T11:51:11.000Z,Confirmed,STETH,IN,0.025613598554729569,,0x86b6ee1c4163ee966781984d5a505635fa8396d0ca726ea68f3c414c49083e91,ETH,0xC08413B63ecA84E2d9693af9414330dA88dcD81C,USD,116.51,114.91
2025-08-17T08:18:47.000Z,Confirmed,STETH,IN,0.01280339,,0x54764ffbf4a7d629ea717f044a4cc5058a56f1e91d4d755385cf7aae3213c9bb,ETH,0xC08413B63ecA84E2d9693af9414330dA88dcD81C,USD,57.59,57.44
2025-08-17T08:02:23.000Z,Confirmed,STETH,IN,0.04369477,,0x0e15a5044239cfce15830c88d21d22f22ec39a917fdab7b6c3b378b5f63496ac,ETH,0xC08413B63ecA84E2d9693af9414330dA88dcD81C,USD,196.56,196.04
2025-07-26T14:29:11.000Z,Confirmed,STETH,IN,0.025520436828338816,,0x325d229634a65e9bae3251c284706d59ef7a24a11b0e36017f8bdb5897f5c39f,ETH,0xC08413B63ecA84E2d9693af9414330dA88dcD81C,USD,95.21,114.49
2025-07-11T05:22:35.000Z,Confirmed,STETH,IN,0.089821165511605566,,0x7ca875d4cb3448190ac558fc541f98443aa88759091a7c522bec26adfc0ef202,ETH,0xC08413B63ecA84E2d9693af9414330dA88dcD81C,USD,269.71,402.98
2025-07-10T13:07:59.000Z,Confirmed,STETH,IN,0.059999999999999999,,0x2a9f61e2fe65ca255065aefc09395bab90b286a27e36339e93e10e730a18af89,ETH,0xC08413B63ecA84E2d9693af9414330dA88dcD81C,USD,166.78,269.19
2025-07-04T12:33:59.000Z,Confirmed,STETH,IN,0.144139415207410712,,0x5d0b693cc84037b7455202eb5b5361f26692749d33cfa5967d450f497537e0d3,ETH,0xC08413B63ecA84E2d9693af9414330dA88dcD81C,USD,367.38,646.69
2025-07-04T10:32:11.000Z,Confirmed,STETH,IN,0.473199999999999998,,0xbc668234e066ae40dccb41518da2a7d6bbf13db246c4e5e2fe2eab7d600abd91,ETH,0xC08413B63ecA84E2d9693af9414330dA88dcD81C,USD,1206.57,2123.04
2025-06-26T10:19:23.000Z,Confirmed,STETH,OUT,0.207087231939652017,,0x73871018b4c572513fce4f98be8ee7d656e6ba48daf911cc4fe07b6abbf38ee3,ETH,0xC08413B63ecA84E2d9693af9414330dA88dcD81C,USD,509.48,929.11
2025-06-22T01:15:11.000Z,Confirmed,STETH,IN,0.00000001,,0xfdaf63de6d3be9bd6f3f6319ff2ca400d816adeadb704a3e5db335bf9d60651e,ETH,0xC08413B63ecA84E2d9693af9414330dA88dcD81C,USD,0.00,0.00
2025-06-21T23:28:11.000Z,Confirmed,STETH,OUT,0,,0xea06aa52b8ca95225e31426c6c138212887c024b67f3d252a446f4c1f6eefa22,ETH,0xC08413B63ecA84E2d9693af9414330dA88dcD81C,USD,,
2025-06-21T23:25:47.000Z,Confirmed,STETH,IN,0.207021598672924323,,0x31a29b741337a5cbabcb4c7bc67b1394ede50331e9cb9ac5f8ccc1c86ab95861,ETH,0xC08413B63ecA84E2d9693af9414330dA88dcD81C,USD,467.40,928.81
2025-06-21T23:25:47.000Z,Confirmed,STETH,OUT,0.207021598672924323,,0x31a29b741337a5cbabcb4c7bc67b1394ede50331e9cb9ac5f8ccc1c86ab95861,ETH,0xC08413B63ecA84E2d9693af9414330dA88dcD81C,USD,467.40,928.81
2025-06-12T22:15:23.000Z,Confirmed,STETH,IN,0.206878099312479461,,0x720649f1713e3606bc0bfbdbebeb71e25a2b6c51b989a0319c2aef366fc1b910,ETH,0xC08413B63ecA84E2d9693af9414330dA88dcD81C,USD,546.45,928.17
2025-05-25T07:39:59.000Z,Confirmed,STETH,OUT,0,,0x8396de7cdcb0014716a321f3f01bf04fbad99a84182824583a3d6a63c8ff7d26,ETH,0xC08413B63ecA84E2d9693af9414330dA88dcD81C,USD,,
2025-05-25T07:37:59.000Z,Confirmed,STETH,OUT,0.018504833988000505,,0xd1fa87174306204ee7f5571c8dafe42e974db7b6f6fe3f8fdf7efc7b47fa7f62,ETH,0xC08413B63ecA84E2d9693af9414330dA88dcD81C,USD,46.02,83.02
2025-05-15T15:48:23.000Z,Confirmed,STETH,IN,0.018497620680320122,,0xa5298a0cc0d784bdcb222ed15a40131e902078177eb1c0cdd9b0a7e46c5a4618,ETH,0xC08413B63ecA84E2d9693af9414330dA88dcD81C,USD,46.67,82.99
2025-08-17T11:51:11.000Z,Confirmed,LSETH,OUT,0.0238,,0x86b6ee1c4163ee966781984d5a505635fa8396d0ca726ea68f3c414c49083e91,ETH,0xC08413B63ecA84E2d9693af9414330dA88dcD81C,USD,116.37,115.43
2025-07-26T13:02:23.000Z,Confirmed,LSETH,IN,0.0238,,0x3b9f302f200b2a8376fa9453a180c19eeac0255c2ece9f1497fc05c950f43e85,ETH,0xC08413B63ecA84E2d9693af9414330dA88dcD81C,USD,96.33,115.43
2025-07-14T19:09:47.000Z,Confirmed,USDT,OUT,92.928296,,0xbe12447ef2a675435c9365467ee32ce8f346caaf5366563ebc7495673e2af3ae,ETH,0xC08413B63ecA84E2d9693af9414330dA88dcD81C,USD,92.95,92.92
2025-07-11T16:55:11.000Z,Confirmed,USDT,IN,92.928296,,0x8bd147134b508a171f8f415e9397facdc4aa7ba40f9869807da1423f16a86186,ETH,0xC08413B63ecA84E2d9693af9414330dA88dcD81C,USD,92.94,92.92
2025-07-11T05:21:11.000Z,Confirmed,USDT,OUT,258.033916,,0xe18a3eb57608616efcc485444c156f0990f4b68001f80edb2ae38be4034a2282,ETH,0xC08413B63ecA84E2d9693af9414330dA88dcD81C,USD,258.10,258.03
2025-07-11T05:17:23.000Z,Confirmed,USDT,IN,243.516091,,0x4cebe71b1e9f51d072a9d3e50eed98fd5a32477709095918436f3d5567014219,ETH,0xC08413B63ecA84E2d9693af9414330dA88dcD81C,USD,243.57,243.51
2025-07-04T12:44:35.000Z,Confirmed,USDT,IN,13.723142,,0x2484aceea4e3dda857f6a34c6dd298442a3971c9b5fd0cb020583c5bc025f359,ETH,0xC08413B63ecA84E2d9693af9414330dA88dcD81C,USD,13.72,13.72
2025-06-30T14:27:11.000Z,Confirmed,USDT,OUT,50,,0xfc0e166defd150bff2363d5b71b67fc80f79fcbc58d14607eebf2f78722ba63b,ETH,0xC08413B63ecA84E2d9693af9414330dA88dcD81C,USD,50.00,50.00
2025-06-28T13:27:47.000Z,Confirmed,USDT,IN,43.708275,,0xc22a887035e08807906285be47947102fc3af9f8549d02ef92a4a7bf09aff1f1,ETH,0xC08413B63ecA84E2d9693af9414330dA88dcD81C,USD,43.71,43.70
2025-06-26T11:14:47.000Z,Confirmed,USDT,OUT,50,,0x59e8f9d63762b7aa05150256ca8c56c9adda7b743d61bb624f957f7a18279fdc,ETH,0xC08413B63ecA84E2d9693af9414330dA88dcD81C,USD,50.01,50.00
2025-06-24T11:02:23.000Z,Confirmed,USDT,OUT,600,,0xf2e3154e41e5799f46eea6e001098defa9cef99b031ab9cff56976ad2846f926,ETH,0xC08413B63ecA84E2d9693af9414330dA88dcD81C,USD,600.32,599.99
2025-06-23T23:44:59.000Z,Confirmed,USDT,OUT,600,,0x775996b973960d363f77321efe0dd792cd2ca60bb72d77e48441d9a41f2d9d15,ETH,0xC08413B63ecA84E2d9693af9414330dA88dcD81C,USD,600.40,599.99
2025-06-21T23:39:59.000Z,Confirmed,USDT,IN,73.476134,,0x51cf6a6c74c87c99fa7de70e5861a9d0fd4adb94554478c09b6a715b21ec0f78,ETH,0xC08413B63ecA84E2d9693af9414330dA88dcD81C,USD,73.49,73.47
2025-06-21T23:31:47.000Z,Confirmed,USDT,IN,1183.600274,,0x2b9ad1c13bf34f1fccf98651d75c4131b7e108e4a3cef2c9bb426a203a11b5c4,ETH,0xC08413B63ecA84E2d9693af9414330dA88dcD81C,USD,1183.83,1183.60
2025-06-09T02:11:35.000Z,Confirmed,USDT,IN,0.01,,0xaef24e029160c06f157a015e7bde1dfac4690e068808da2f1bf850a4c93e0afd,ETH,0xC08413B63ecA84E2d9693af9414330dA88dcD81C,USD,0.01,0.00
2025-06-09T02:05:11.000Z,Confirmed,USDT,OUT,485.671892,,0x48c88f217e19aa729087932a08e6ecd9c797db422b3bf34dcb20d7a59026168f,ETH,0xC08413B63ecA84E2d9693af9414330dA88dcD81C,USD,485.91,485.67
2025-06-07T08:58:47.000Z,Confirmed,USDT,IN,485.53,,0x66df8168557cccdc5b419eb994673b6487eeaa57b5502171ec0424ea355605e5,ETH,0xC08413B63ecA84E2d9693af9414330dA88dcD81C,USD,485.75,485.52
2025-05-15T16:08:47.000Z,Confirmed,USDT,OUT,90,,0x1677a2a1b6a7cdde160e5de3b0710fdf84c03aaaaad5f83b4cedf3606f617c0c,ETH,0xC08413B63ecA84E2d9693af9414330dA88dcD81C,USD,90.00,90.00
2025-05-15T15:43:23.000Z,Confirmed,USDT,OUT,100,,0xb75907df06a6f4d75b23706788046d5b7f97a769a779600965282d668333b5b1,ETH,0xC08413B63ecA84E2d9693af9414330dA88dcD81C,USD,100.01,100.00
2025-05-15T15:40:11.000Z,Confirmed,USDT,OUT,100,,0x59e6b54403222421f651ffda55391d824f5d3a343a1148edc22ab564df3c31c6,ETH,0xC08413B63ecA84E2d9693af9414330dA88dcD81C,USD,100.01,100.00
2025-05-13T16:53:11.000Z,Confirmed,USDT,IN,92.181484,,0x02c250f77c55dc47b25fc7d873799ff70d6f4c9158804145486ec3b568878613,ETH,0xC08413B63ecA84E2d9693af9414330dA88dcD81C,USD,92.19,92.18
2025-05-13T16:38:11.000Z,Confirmed,USDT,IN,197.960408,,0x6f476e8900c98f7d5a4da9f6c9525f309bdabeaff7a13f99cba3ccf167a6d3c0,ETH,0xC08413B63ecA84E2d9693af9414330dA88dcD81C,USD,198.00,197.96
2025-10-04T17:58:31.000Z,Confirmed,XRP,IN,0.000001,0.000011,EF6FCE0FA6004CA6E2D0AEF0A85BAAB4CE2BF360A581B304271F70B1FC45CC1C,XRP,rGvSX7BMyuzkghXbaJqLHk529pYE2j5WR3,USD,0.00,0.00
2025-10-04T17:58:11.000Z,Confirmed,XRP,OUT,80.02701,0.00001,B7B611231A42F2A74449990F6DADF42AC78CFE2348E84B05C75DC51BBE3720AE,XRP,rGvSX7BMyuzkghXbaJqLHk529pYE2j5WR3,USD,236.13,237.68
2025-09-18T17:57:31.000Z,Confirmed,XRP,IN,0.000001,0.000011,3F16DE95C46A4DE41478F2BF518662DC760D85B641E6F5F0E5BA677B40E0C846,XRP,rGvSX7BMyuzkghXbaJqLHk529pYE2j5WR3,USD,0.00,0.00
2025-09-18T17:56:52.000Z,Confirmed,XRP,OUT,300.00001,0.00001,960A2E2997A7441E6591714A1D6611EEF2E23B2D85D3F0B926A07FB5B5278AB2,XRP,rGvSX7BMyuzkghXbaJqLHk529pYE2j5WR3,USD,935.77,891.00
2025-09-13T08:27:42.000Z,Confirmed,XRP,IN,0.000001,0.000011,A4E2A1D62D6D7EC5C01650422F31A8678E0EB7EE7AFD3C2FF2015DD0FFFE6AA0,XRP,rGvSX7BMyuzkghXbaJqLHk529pYE2j5WR3,USD,0.00,0.00
2025-09-13T08:27:20.000Z,Confirmed,XRP,OUT,100.00001,0.00001,5F319084F9E2DF9144F76E16E791798356436FC7826A642AFB43BBD8ECFA2DB1,XRP,rGvSX7BMyuzkghXbaJqLHk529pYE2j5WR3,USD,313.47,297.00
2025-09-01T00:10:02.000Z,Confirmed,XRP,IN,0.000001,0.000011,62B135C85B467988DA2DB1EF31B7C6C0FF3F8920569A4F73487164454D6955F9,XRP,rGvSX7BMyuzkghXbaJqLHk529pYE2j5WR3,USD,0.00,0.00
2025-09-01T00:09:41.000Z,Confirmed,XRP,IN,184.739788,0.003,8CA7A1EECC2C12AECC5E53E2710D282F68A6B67846BE9CED99449F6FDDA9752E,XRP,rGvSX7BMyuzkghXbaJqLHk529pYE2j5WR3,USD,509.90,548.67
2025-08-25T21:48:51.000Z,Confirmed,XRP,IN,0.000001,0.000011,C30219C94C1EB3661F020C0328158D135D66F97CA5B1D956A1243B710C2F8781,XRP,rGvSX7BMyuzkghXbaJqLHk529pYE2j5WR3,USD,0.00,0.00
2025-08-25T21:48:02.000Z,Confirmed,XRP,OUT,175.438606,0.00001,B778FB18E43B7D276895B682162B820F3DC7EBFB730C210FE71C68A0B81B8D74,XRP,rGvSX7BMyuzkghXbaJqLHk529pYE2j5WR3,USD,499.47,521.05
2025-08-22T23:14:50.000Z,Confirmed,XRP,IN,0.000001,0.000011,FA5A4D7E23CCBD94616B69FEF44C48E2D0E03FD817D080183F39E851705AE015,XRP,rGvSX7BMyuzkghXbaJqLHk529pYE2j5WR3,USD,0.00,0.00
2025-08-22T23:14:31.000Z,Confirmed,XRP,IN,108.588277,0.003,647021B1F9067C687291A3D44CF38E6D57D2BFBB3DD8974DDC71B708AD77BC86,XRP,rGvSX7BMyuzkghXbaJqLHk529pYE2j5WR3,USD,333.40,322.50
2025-08-16T03:55:00.000Z,Confirmed,XRP,IN,0.000001,0.000011,8D85BD1CD028153E73A871F307624C7CFA3C612B9B644082659443F6B82DCC69,XRP,rGvSX7BMyuzkghXbaJqLHk529pYE2j5WR3,USD,0.00,0.00
2025-08-16T03:54:31.000Z,Confirmed,XRP,IN,50.264055,0.003,68C1D7CBE2599222C84DFF06669411747F84D8490876CF11AEA5EC3AF242E44C,XRP,rGvSX7BMyuzkghXbaJqLHk529pYE2j5WR3,USD,156.37,149.28
2025-07-30T12:08:40.000Z,Confirmed,XRP,IN,0.00001,0.000012,192959F5E4EEBC82B0003CD738F2DA4FF5A043162863200C6C149AF7D8E0F61F,XRP,rGvSX7BMyuzkghXbaJqLHk529pYE2j5WR3,USD,0.00,0.00
2025-07-30T12:07:30.000Z,Confirmed,XRP,IN,0.000001,0.000011,9CDFB1F4810F51A8057860459A27B43C80809EF6BF591D24EB78E675347EB091,XRP,rGvSX7BMyuzkghXbaJqLHk529pYE2j5WR3,USD,0.00,0.00
2025-07-30T12:06:40.000Z,Confirmed,XRP,OUT,50.00001,0.00001,465802D79FEC0C882AE30090D57C74932B0D4E37C464ACB141947C66210A2D1D,XRP,rGvSX7BMyuzkghXbaJqLHk529pYE2j5WR3,USD,153.25,148.50
2025-07-13T03:21:51.000Z,Confirmed,XRP,IN,0.000001,0.000011,1A10C5DB178AF5AE7D7C0E8F4AFC357DE69017E1AA4C3297B5C394BE455E55F3,XRP,rGvSX7BMyuzkghXbaJqLHk529pYE2j5WR3,USD,0.00,0.00
2025-07-13T03:21:31.000Z,Confirmed,XRP,IN,172.168301,0.003,FA357EF6779B9A05A835194C930CB930C3561E4E3276FBF99F609BF818AE6364,XRP,rGvSX7BMyuzkghXbaJqLHk529pYE2j5WR3,USD,477.23,511.33
2025-07-11T13:05:00.000Z,Confirmed,XRP,IN,0.000001,0.000011,80A3F12D36A94E4BB74DCC70EB7661A4DE3D3FED5FF43AF399BA4F4097409279,XRP,rGvSX7BMyuzkghXbaJqLHk529pYE2j5WR3,USD,0.00,0.00
2025-07-11T13:04:12.000Z,Confirmed,XRP,IN,59.714412,0.003,725227987FE85B1DB48B287192B24FED1C21BFD9DC5B2E07CB28A47DC5E1547E,XRP,rGvSX7BMyuzkghXbaJqLHk529pYE2j5WR3,USD,159.88,177.35
2025-06-21T23:23:00.000Z,Confirmed,XRP,IN,0.000001,0.000011,837A6286EA4EB730738899962F89BFEA73EC2CD087CA362E90C8F88818BEFC9D,XRP,rGvSX7BMyuzkghXbaJqLHk529pYE2j5WR3,USD,0.00,0.00
2025-06-21T23:22:41.000Z,Confirmed,XRP,IN,84.696826,0.003,C1D775F7298C6BFCD9176D526D1C48BDD931FDE5814D6F1EC45D26EAAAFBAC69,XRP,rGvSX7BMyuzkghXbaJqLHk529pYE2j5WR3,USD,173.18,251.54
2025-06-19T17:45:10.000Z,Confirmed,XRP,IN,0.000001,0.000011,99A1FAB06D099723FBFC5E87CA83DC4493DF822C8BFA6927F5D92DAC303EF180,XRP,rGvSX7BMyuzkghXbaJqLHk529pYE2j5WR3,USD,0.00,0.00
2025-06-19T17:44:41.000Z,Confirmed,XRP,OUT,85.00001,0.00001,27C56A6D773ED2F1FF4BB9F6425375799DA2FF436C92DF49B54E000BC7D9C503,XRP,rGvSX7BMyuzkghXbaJqLHk529pYE2j5WR3,USD,184.28,252.45
2025-06-03T20:17:31.000Z,Confirmed,XRP,IN,72.597058,0.003,A25F64BE3FC4F713C474B3165534A45E333F8810418EB4BA12F2ADD2D45660BD,XRP,rGvSX7BMyuzkghXbaJqLHk529pYE2j5WR3,USD,163.77,215.61
2025-05-26T14:57:51.000Z,Confirmed,XRP,IN,0.000001,0.000011,21350F68033620E012E6B95694D591EF1151519FA5367147D08583EBDD2008F1,XRP,rGvSX7BMyuzkghXbaJqLHk529pYE2j5WR3,USD,0.00,0.00
2025-05-26T14:57:31.000Z,Confirmed,XRP,IN,58.696939,0.003,1C05891B1863B8E378DA6EB31A93D7CB509479430EE9BBDC947C1BC548531B0B,XRP,rGvSX7BMyuzkghXbaJqLHk529pYE2j5WR3,USD,136.12,174.32
2025-10-04T05:46:22.000Z,Confirmed,LTC,OUT,5.49715539,0.00000639,c36c132dd011f4d3560389e6354f2c3a500e1fd4bf9486c2a8212294bbce341f,LTC,Ltub2ZcXjR3iSi6dwFpjhNn4WndcG3HPLt2dwqYGiKHuJJycgQs7VryKtU9nv7Q1DFJFe38hej8fQmYBjopmSdPipBLgpRuRYgnnsqzkeYNNuW8,USD,655.07,662.07
2025-10-04T05:30:32.000Z,Confirmed,LTC,IN,5.49723846,0.00000223,4754106e6218fcbb4db16247d1f825da7094f6abf11eee83c3fd01c08a591118,LTC,Ltub2ZcXjR3iSi6dwFpjhNn4WndcG3HPLt2dwqYGiKHuJJycgQs7VryKtU9nv7Q1DFJFe38hej8fQmYBjopmSdPipBLgpRuRYgnnsqzkeYNNuW8,USD,655.08,662.08
2025-09-01T00:40:58.000Z,Confirmed,LTC,IN,1.65669167,0.0000446,b8bf64c51d060a1de9881d9171db4d63c729bd5f44bbde949f10669ca7d851e7,LTC,Ltub2ZcXjR3iSi6dwFpjhNn4WndcG3HPLt2dwqYGiKHuJJycgQs7VryKtU9nv7Q1DFJFe38hej8fQmYBjopmSdPipBLgpRuRYgnnsqzkeYNNuW8,USD,180.02,199.53
2025-09-01T00:40:58.000Z,Confirmed,LTC,OUT,1.65677696,0.00008946,d1e8e6128d46d1795dd75c81b87cec026746357d4822c6da7b1062c4585cb834,LTC,Ltub2ZcXjR3iSi6dwFpjhNn4WndcG3HPLt2dwqYGiKHuJJycgQs7VryKtU9nv7Q1DFJFe38hej8fQmYBjopmSdPipBLgpRuRYgnnsqzkeYNNuW8,USD,180.03,199.54
2025-07-26T07:27:47.000Z,Confirmed,LTC,OUT,1.82926146,0.00000426,d63bf6fc6741983610257b68c3a882162e28c24ec0538ab8f8c44122d9920a47,LTC,Ltub2ZcXjR3iSi6dwFpjhNn4WndcG3HPLt2dwqYGiKHuJJycgQs7VryKtU9nv7Q1DFJFe38hej8fQmYBjopmSdPipBLgpRuRYgnnsqzkeYNNuW8,USD,206.98,220.31
2025-07-26T07:25:06.000Z,Confirmed,LTC,IN,1.82926364,0.00000223,0fa8bd37df66d28b9457ab413f5948c6b79a7022f185f1a8866d700afeaff48c,LTC,Ltub2ZcXjR3iSi6dwFpjhNn4WndcG3HPLt2dwqYGiKHuJJycgQs7VryKtU9nv7Q1DFJFe38hej8fQmYBjopmSdPipBLgpRuRYgnnsqzkeYNNuW8,USD,206.98,220.31
2025-07-16T08:24:54.000Z,Confirmed,LTC,OUT,1.23221059,0.00000639,f1476b58c733ed8ce95930c315d8eafcbfa4cce6696983d27915db43025bf3b8,LTC,Ltub2ZcXjR3iSi6dwFpjhNn4WndcG3HPLt2dwqYGiKHuJJycgQs7VryKtU9nv7Q1DFJFe38hej8fQmYBjopmSdPipBLgpRuRYgnnsqzkeYNNuW8,USD,118.64,148.40
2025-07-15T20:36:33.000Z,Confirmed,LTC,IN,1.23221056,0.00000892,f94d72c52e0bcfb182ab7354effe97a9c56e75015359792bc2c113c15b55637a,LTC,Ltub2ZcXjR3iSi6dwFpjhNn4WndcG3HPLt2dwqYGiKHuJJycgQs7VryKtU9nv7Q1DFJFe38hej8fQmYBjopmSdPipBLgpRuRYgnnsqzkeYNNuW8,USD,117.46,148.40
2025-06-08T15:57:34.000Z,Confirmed,LTC,OUT,1.51504919,0.00000639,78f92b36ffe8972d519b7650dbcb6b7143ad82898f4b7fe5b9bba8ff243d359a,LTC,Ltub2ZcXjR3iSi6dwFpjhNn4WndcG3HPLt2dwqYGiKHuJJycgQs7VryKtU9nv7Q1DFJFe38hej8fQmYBjopmSdPipBLgpRuRYgnnsqzkeYNNuW8,USD,133.43,182.47
2025-06-07T20:43:03.000Z,Confirmed,LTC,IN,1.51504708,0.00000892,3d1110dfbd548af959aaf8c6ba7008f2c4ea82421b8954ad3da8123070176bc7,LTC,Ltub2ZcXjR3iSi6dwFpjhNn4WndcG3HPLt2dwqYGiKHuJJycgQs7VryKtU9nv7Q1DFJFe38hej8fQmYBjopmSdPipBLgpRuRYgnnsqzkeYNNuW8,USD,133.90,182.47
2025-05-25T01:57:21.000Z,Confirmed,LTC,OUT,4.52245386,0.00000426,81e6e93a3015de4c79705624a6da0c46e2271f2067ca83ee670fb0fa33d1e61f,LTC,Ltub2ZcXjR3iSi6dwFpjhNn4WndcG3HPLt2dwqYGiKHuJJycgQs7VryKtU9nv7Q1DFJFe38hej8fQmYBjopmSdPipBLgpRuRYgnnsqzkeYNNuW8,USD,428.86,544.68
2025-05-25T01:42:54.000Z,Confirmed,LTC,IN,3.27007821,0.00000223,2864d22d35d2c17328c007da27ee68cc32426d0cea7e5005a00aa5c576fcc737,LTC,Ltub2ZcXjR3iSi6dwFpjhNn4WndcG3HPLt2dwqYGiKHuJJycgQs7VryKtU9nv7Q1DFJFe38hej8fQmYBjopmSdPipBLgpRuRYgnnsqzkeYNNuW8,USD,310.09,393.84
2025-05-22T05:26:30.000Z,Confirmed,LTC,IN,1.26237144,0.00000446,9a783aaab2eab54c62133eebdb71b29850338ff5aa73f40bb287998eb81a0430,LTC,Ltub2ZcXjR3iSi6dwFpjhNn4WndcG3HPLt2dwqYGiKHuJJycgQs7VryKtU9nv7Q1DFJFe38hej8fQmYBjopmSdPipBLgpRuRYgnnsqzkeYNNuW8,USD,124.98,152.04
2025-09-18T18:01:33.000Z,Confirmed,SOL,IN,0.00001,0,5aXyp2DMTeLahRd9W5fLZvLepwfPz3FaZa3fMnWh4dachUrDxMvUU6QWW6nLa4u4o8J8oViGCE4q8bnEenM6dvVB,SOL,RovUJaZwiZ1X36sEW7TBmhie5unzPmxtMg1ATwFtGVk,USD,0.00,0.00
2025-09-18T18:01:19.000Z,Confirmed,SOL,IN,0.000000001,0,4e56KaxvF2AE5Cfg3Jxc6ywveQaGFPAdFam2NMtH8od8fKH2PXPVZD2n56cRgAwJq2QVeTi8CMc6JTVh7WybD6YJ,SOL,RovUJaZwiZ1X36sEW7TBmhie5unzPmxtMg1ATwFtGVk,USD,0.00,0.00
2025-09-18T18:01:19.000Z,Confirmed,SOL,IN,0.000000001,0,2k4pK3Ng2RuorukycNMjBEsLPAdJgCASEnyNYrAEv1xDVyTCoycsbEZXzzbEKAG3Yq1ucmTfRY7HPPet2hfTZr25,SOL,RovUJaZwiZ1X36sEW7TBmhie5unzPmxtMg1ATwFtGVk,USD,0.00,0.00
2025-09-18T18:01:19.000Z,Confirmed,SOL,IN,0.000000001,0,NePthsgjLhUfdMqWMso65Pw7nRHW3fg1NsufhSfkyyTo89gxjQ6hMRdsTHAQwRUtKgeGwrdFS3BjcFLy8UgEWyh,SOL,RovUJaZwiZ1X36sEW7TBmhie5unzPmxtMg1ATwFtGVk,USD,0.00,0.00
2025-09-18T18:01:18.000Z,Confirmed,SOL,IN,0.000000001,0,3zNwZthHEmnBtUmFTUvcUVpEGGsjYXseUrLXGc91UN3ap6Sf1nBgNHEZMDSqABTPtrMVEy6Fu45TxVeJi16DbAqx,SOL,RovUJaZwiZ1X36sEW7TBmhie5unzPmxtMg1ATwFtGVk,USD,0.00,0.00
2025-09-18T18:01:18.000Z,Confirmed,SOL,IN,0.000000001,0,6HQnbAFCfgsJRuF5AmdzAEMZjyqSEzgLAyzNfipbCHJkrBGBgohEkUJzPTSsoZT2ZpNB31YRG4YL8DKeU2HzhRr,SOL,RovUJaZwiZ1X36sEW7TBmhie5unzPmxtMg1ATwFtGVk,USD,0.00,0.00
2025-09-18T18:01:08.000Z,Confirmed,SOL,OUT,0.61331045,0.000005,5tvwqx9zWNQ4Qx1j1FXYzSADNuCj77akGAS6PJxJRnXF65Fq2SdiaHNmi8ZaGTctkJgh3s6zaFHYVSw1CKJieGgU,SOL,RovUJaZwiZ1X36sEW7TBmhie5unzPmxtMg1ATwFtGVk,USD,151.48,139.80
2025-09-09T23:58:16.000Z,Confirmed,SOL,IN,0.61331045,0,34koGuvmS9vMCisfMCyoj9GJguhiLYRGn7HUDhv7tPEMvPkcwh5JQgDAoNWh1HVaQfSeZwRCyxset4zfGcB5WKQ5,SOL,RovUJaZwiZ1X36sEW7TBmhie5unzPmxtMg1ATwFtGVk,USD,133.24,139.80
2025-08-17T11:53:15.000Z,Confirmed,SOL,DELEGATE,0.000005,0.000005,64hftQ87wLMU2aTrf9DNqqpXo5kviizw5ij9bxh3hshQEAeymCapP35JEVcTDvgL76T9BhYMuqzjds6L61eQL8zL,SOL,RovUJaZwiZ1X36sEW7TBmhie5unzPmxtMg1ATwFtGVk,USD,0.00,0.00
2025-08-17T07:59:01.000Z,Confirmed,SOL,IN,0.000000001,0,43ckuXtgV8K4oJfQ3mKSqidinxDzmYynWQ7pEQCrsJquRp5JBSo9KkW87kGME4rkAKFzKY9RyA9xWNxqPRybSj1W,SOL,RovUJaZwiZ1X36sEW7TBmhie5unzPmxtMg1ATwFtGVk,USD,0.00,0.00
2025-08-17T07:59:01.000Z,Confirmed,SOL,IN,0.000000001,0,4R1fXt4xThW2HyJ9qYVB55eobqKfEMm6yx9dKB7eGke3d3iq3N3rqq8Y7ceML47KZ7GvLh7pgQKpkwCdktAHTDib,SOL,RovUJaZwiZ1X36sEW7TBmhie5unzPmxtMg1ATwFtGVk,USD,0.00,0.00
2025-08-17T07:58:45.000Z,Confirmed,SOL,OUT,1.04538073,0.000005,3TKiKRHFDh1LGryqs7CaisVtzau66rLH9odXaLG6Kct5hLKSrvGPAzNfFuU2fGv2M1PEMitAge9NtqN3bBFuyrq8,SOL,RovUJaZwiZ1X36sEW7TBmhie5unzPmxtMg1ATwFtGVk,USD,200.82,238.29
2025-07-26T13:11:36.000Z,Confirmed,SOL,IN,1.04837573,0,54gDjwFW47fTzUQ1V8EMj4x2krVK6ENNJz4VThfaqFUQDMxoWAPMWegcpBKirP72nE42GKG4wWwzqbsvDGv8BwoY,SOL,RovUJaZwiZ1X36sEW7TBmhie5unzPmxtMg1ATwFtGVk,USD,196.77,238.97
2025-07-22T10:42:29.000Z,Confirmed,SOL,IN,0.000000001,0,4ob22HxPicc4nYKkTHCUbXTk2hWyijmJMh1w6XXQwowgiU42vopKrygCT5uHMVme88TfW8bKhiRubZniTM9MsH8Y,SOL,RovUJaZwiZ1X36sEW7TBmhie5unzPmxtMg1ATwFtGVk,USD,0.00,0.00
2025-07-22T10:42:29.000Z,Confirmed,SOL,IN,0.000000001,0,5WJXuLeh7ru8iM6rnPWZzvt18afsTWx999gmztWVWrmdRSFvSHDEHtukv5RoP7uAtURU2hAyZYKBKwSENhPdBsDw,SOL,RovUJaZwiZ1X36sEW7TBmhie5unzPmxtMg1ATwFtGVk,USD,0.00,0.00
2025-07-22T10:42:29.000Z,Confirmed,SOL,IN,0.000000001,0,5EwthT6kwntp3u1M63moGremwSGNSgve6a57dsqR6fQn4e1uFKuT7x8Tu7SZr5xWpffhZrP2zVuVaBKTMLTtt4o1,SOL,RovUJaZwiZ1X36sEW7TBmhie5unzPmxtMg1ATwFtGVk,USD,0.00,0.00
2025-07-22T10:42:19.000Z,Confirmed,SOL,OUT,3.743623075,0.000005,5vfBsVH4EggoBRsgW53YyHs18tnWsfYxk4zG5ZEimF8ra3zRv7dTuewdkBsXqbeKVNhQ7W2AHCVMGEaA98mGwuEh,SOL,RovUJaZwiZ1X36sEW7TBmhie5unzPmxtMg1ATwFtGVk,USD,742.39,853.35
2025-07-21T09:15:35.000Z,Confirmed,SOL,WITHDRAW_UNBONDED,0.000005,0.000005,4YZGvtMFZDQtVubLmsmNUdXigPGeM5KBy8sKHi6pRnSJQLiqgKVdBa19yShFSsp8jVsVfUssAd6XCKAAxNegaqyb,SOL,RovUJaZwiZ1X36sEW7TBmhie5unzPmxtMg1ATwFtGVk,USD,0.00,0.00
2025-07-21T09:14:49.000Z,Confirmed,SOL,WITHDRAW_UNBONDED,0.000005,0.000005,4zcfj989whKyqfBgrxzhhzZCQ3RmT3ZFWUW9NHVhtnjWjLUiUdnyKRAyDN9AEFfkBbtRHevaWVggMSq3WAZfBzFa,SOL,RovUJaZwiZ1X36sEW7TBmhie5unzPmxtMg1ATwFtGVk,USD,0.00,0.00
2025-07-14T19:16:34.000Z,Confirmed,SOL,IN,0.99101109,0,5G9Txvm3Fh8gWmfHkG114KtR9q4NV5Y4PYhTKjnkaHf2EYCVvLJQXxxS3HnEAVCdNPgQHFW2ErfY84LyHuDAT1qC,SOL,RovUJaZwiZ1X36sEW7TBmhie5unzPmxtMg1ATwFtGVk,USD,164.56,225.90
2025-07-11T18:31:26.000Z,Confirmed,SOL,WITHDRAW_UNBONDED,0.000005,0.000005,4Wr4zLxka6ZK1adn4nzyGy79Jbzv8YRRhckF4fabT5s8tZBihnLmqQEgDcESr3vn6aE6uivGZi85NTVncXxyE7dd,SOL,RovUJaZwiZ1X36sEW7TBmhie5unzPmxtMg1ATwFtGVk,USD,0.00,0.00
2025-07-11T18:30:35.000Z,Confirmed,SOL,UNDELEGATE,0.000005,0.000005,3s46k8pM6R34F1swCgbCGPfaBw33AhCoWDYtPoMWMTW1qoy2zK1rSjxpzRpq9fP1DxfYT4PCBeVNZuKBZXaciJuY,SOL,RovUJaZwiZ1X36sEW7TBmhie5unzPmxtMg1ATwFtGVk,USD,0.00,0.00
2025-07-11T18:30:08.000Z,Confirmed,SOL,UNDELEGATE,0.000005,0.000005,2FPXG2gSQ16oJiY4gZf7XR1R6kuruzT6P5z5KWPiEUZT6qHRy12Y6sG2ezLXVD9Uky5jxivVFYK55jpBwcXz3sjM,SOL,RovUJaZwiZ1X36sEW7TBmhie5unzPmxtMg1ATwFtGVk,USD,0.00,0.00
2025-07-04T12:31:29.000Z,Confirmed,SOL,IN,0.000000001,0,4Q1UtVQ5MvXAw3ytwRY22JpYUPAZn6p34BoFcxdb3aBm5nBoGbNwTZ8kMdyfjJ3woXTj1CJhwgcuirXiTxRtrCT8,SOL,RovUJaZwiZ1X36sEW7TBmhie5unzPmxtMg1ATwFtGVk,USD,0.00,0.00
2025-07-04T12:31:29.000Z,Confirmed,SOL,IN,0.000000001,0,4zAY7CgzcRPeG9d2EQRL9c9VKvALNDVAfK5wbqdVEq8piGfypUnpTJnmE79NmV14PPcaxzTbA4rgSCVH9URnjutG,SOL,RovUJaZwiZ1X36sEW7TBmhie5unzPmxtMg1ATwFtGVk,USD,0.00,0.00
2025-07-04T12:31:29.000Z,Confirmed,SOL,IN,0.000000001,0,3rCmkyte9RyD5B5Pgm4v6U8ixVYJGkx3nPPfAipWRLtbVp1264g3cFh6vpi5jdXbkJ8kqXRwXmnxcHJ7Qnde5AxY,SOL,RovUJaZwiZ1X36sEW7TBmhie5unzPmxtMg1ATwFtGVk,USD,0.00,0.00
2025-07-04T12:31:28.000Z,Confirmed,SOL,IN,0.000000001,0,5XQ6w6zX6yuNxJFPYM7QBQnurZ9DPR5W7YD3i9QbLdNbwdxTFtxXReQ4RLfkYgXEfbTcAbCVBcZqfsqHYT9kV66W,SOL,RovUJaZwiZ1X36sEW7TBmhie5unzPmxtMg1ATwFtGVk,USD,0.00,0.00
2025-07-04T12:31:28.000Z,Confirmed,SOL,IN,0.000000001,0,2vDZ8H9nbh6WJrerTTTg3cWWwEj9FvFCpCvwkMckGLfMRvpZzsQ3x67YQ1WLMTVfCK74sxxvLxR5vXjG2dPAUNJo,SOL,RovUJaZwiZ1X36sEW7TBmhie5unzPmxtMg1ATwFtGVk,USD,0.00,0.00
2025-07-04T12:31:28.000Z,Confirmed,SOL,IN,0.000000001,0,4xXy7HUzbX8TXPWWCSEVyxz7ikZrDKiaWZCw6g2Edpvuywvo8ivzRE4eWJTRmS9GgieypmqFkDCRNb5FE39VSCye,SOL,RovUJaZwiZ1X36sEW7TBmhie5unzPmxtMg1ATwFtGVk,USD,0.00,0.00
2025-07-04T12:31:17.000Z,Confirmed,SOL,DELEGATE,0.000005,0.000005,3U2wdyRfoMP3UvrRM5BqABW6JYX3Ji4Cq4JcqZeukdtDTMvDpUS5zfmM4uh8Gx8bHDXeji6DBWBoFgHyVpEbd3Ep,SOL,RovUJaZwiZ1X36sEW7TBmhie5unzPmxtMg1ATwFtGVk,USD,0.00,0.00
2025-06-30T15:19:18.000Z,Confirmed,SOL,DELEGATE,0.000005,0.000005,66qa18oJSbDugiR3YY3YwC8gYh6yvmFhWQgTb9WjLHibwYXzT1WfYDhb7e1sZgVxmXLivj4rdUj5VwHkAFeiTHEH,SOL,RovUJaZwiZ1X36sEW7TBmhie5unzPmxtMg1ATwFtGVk,USD,0.00,0.00
2025-06-30T15:13:15.000Z,Confirmed,SOL,IN,1.09585472,0,4GkSxXaw6N6H7RfkFjNPJAaaoLVQHJgtwFzqSyTmCBDff5wuu1DDfAa91kMqgYmNYZ4n2p37pbFmPNTYkhqDyYHD,SOL,RovUJaZwiZ1X36sEW7TBmhie5unzPmxtMg1ATwFtGVk,USD,171.40,249.80
2025-06-18T01:34:55.000Z,Confirmed,SOL,IN,0.48699488,0,3Log57ifj6pV5S5aoEuSctxjfSScpGCo5Z3qKHwHUKAjWUmGWW3a9H6SB8QZhU9kKAR51xJTV2hAdXi6MqzRbo7,SOL,RovUJaZwiZ1X36sEW7TBmhie5unzPmxtMg1ATwFtGVk,USD,72.22,111.01
2025-06-12T21:38:09.000Z,Confirmed,SOL,UNDELEGATE,0.000005,0.000005,3Wurea799KXswt9HTwCbuQCHQTaL2DX7Y5vbS6BDFEDpueEfiJs2Stj8Kwae7WpeggKzW9WkeqcJTKKGDWhtjRxm,SOL,RovUJaZwiZ1X36sEW7TBmhie5unzPmxtMg1ATwFtGVk,USD,0.00,0.00
2025-05-16T01:54:19.000Z,Confirmed,SOL,IN,0.000000001,0,5QDM4rgKMJBZen4iYP4yzHfaGZ4FQCqWt1dkcbxR1RHfFymyeHgRngZyqFnL8Eg5P4ct2oByuZrHuXTxqab3Fnyv,SOL,RovUJaZwiZ1X36sEW7TBmhie5unzPmxtMg1ATwFtGVk,USD,0.00,0.00
2025-05-16T01:54:19.000Z,Confirmed,SOL,IN,0.000000001,0,3dVqDcPUHskv41vHRcpVjNFsbkDh2hfgVccT8NFn7PdcjdCLZKYuoGmAEuSiYYcnPJCvNrhzAEE2Vxf3Lj1yyUJd,SOL,RovUJaZwiZ1X36sEW7TBmhie5unzPmxtMg1ATwFtGVk,USD,0.00,0.00
2025-05-16T01:54:19.000Z,Confirmed,SOL,IN,0.000000001,0,2TX3YS4qTWv8DPHUij6zaFRwVfCZgxm65SHYBGQ85bcKtCwg2ju4aAqx2qppFVbEMRpexbsBndNvsc49dAnaAfkQ,SOL,RovUJaZwiZ1X36sEW7TBmhie5unzPmxtMg1ATwFtGVk,USD,0.00,0.00
2025-05-16T01:54:12.000Z,Confirmed,SOL,DELEGATE,0.000005,0.000005,58GhDYeM1d7nwe7jVcBTbZd4X2bDfqYAdbmBi3evZnPMYpKa6dtQqF3YGyDDascuSuNo5AZFfKFbR3wwMi5FB14b,SOL,RovUJaZwiZ1X36sEW7TBmhie5unzPmxtMg1ATwFtGVk,USD,0.00,0.00
2025-05-15T15:46:55.000Z,Confirmed,SOL,IN,0.57862,0,4X5ft7EW1fk4HESAd4AfaiVe4myrWrTqSEkNVzMhLkmiQXbF3fcvJ6sRyXCZC8AAWRtgZnDYqYukHqWpJvRY8dvf,SOL,RovUJaZwiZ1X36sEW7TBmhie5unzPmxtMg1ATwFtGVk,USD,98.72,131.89
2025-05-15T15:42:53.000Z,Confirmed,SOL,IN,0.58062,0,3zHE4yjYVQ9HYS4DCaQGYp8v1Kw2omAzMTHocrJoWYYbtBno3UVL2EPCeYrKbNEXYoXepkPiFo1t98NRgBpFYLFY,SOL,RovUJaZwiZ1X36sEW7TBmhie5unzPmxtMg1ATwFtGVk,USD,99.06,132.35
2025-07-26T13:04:04.076Z,Confirmed,SUI,OUT,19.36225444,0.00061476,7PDHSuKSydQKPRdQNCbyFuHpsRWMQUWFJfNUEUrQFyPw,Sui,0xc2e0b018e0bbe4f6d925bbf8b9a3626a19387462ab8eff0b99a797d1fb50d371,USD,78.87,70.28
2025-07-14T19:12:28.989Z,Confirmed,SUI,IN,19.36210944,0.00173788,9RedWqJeeQ2VcGSWmchBeSXYRF25yVRsYVMAEa1ugzrF,Sui,0xc2e0b018e0bbe4f6d925bbf8b9a3626a19387462ab8eff0b99a797d1fb50d371,USD,75.05,70.28
2025-06-19T18:02:12.857Z,Confirmed,SUI,OUT,124.88142768,0.00075976,7e7ot4PmFp7CCjCsX6JjHJLNGahr1Uj4dKuuz6bko5qy,Sui,0xc2e0b018e0bbe4f6d925bbf8b9a3626a19387462ab8eff0b99a797d1fb50d371,USD,355.06,453.31
2025-06-12T22:21:37.918Z,Confirmed,SUI,IN,124.8814618,0.00173788,PeA2drz1BJDCmWQuz72jeA6m9e5PsG8TuLkjRhHoTC9,Sui,0xc2e0b018e0bbe4f6d925bbf8b9a3626a19387462ab8eff0b99a797d1fb50d371,USD,401.17,453.31
2025-06-07T02:14:23.015Z,Confirmed,SUI,OUT,110.70873788,0.00173788,3UaBvh1SMRdK1fc1oTg1KYHktF6CGBQEQoipYuXBwe99,Sui,0xc2e0b018e0bbe4f6d925bbf8b9a3626a19387462ab8eff0b99a797d1fb50d371,USD,356.47,401.87
2025-06-03T19:32:17.632Z,Confirmed,SUI,IN,110.7114,0.00173788,5U4KU5ZKwAEg8CqPhAsn21zwKfkSD2twXPJDbTZ5UDwN,Sui,0xc2e0b018e0bbe4f6d925bbf8b9a3626a19387462ab8eff0b99a797d1fb50d371,USD,367.54,401.88