User ID,Time,Category,Operation,Order ID,Transaction ID,Primary Asset,Realized Amount For Primary Asset,Realized Amount for Primary Asset in USD,Base Asset,Realized Amount For Base Asset,Realized Amount For Base Asset In USD,Quote Asset,Realized Amount for Quote Asset,Realized Amount for Quote Asset in USD,Fee Asset,Realized Amount for Fee Asset,Realized Amount for Fee Asset in USD,Payment Method,Withdraw Method,Additional Note
57173144,2025-08-26 18:32:31,Spot Trading,Sell,119175181,2424900842,"","","",SUI,18.60000000,64.24763900,USDT,63.79800000,63.81816800,USDT,0.25519200,0.25527300,Wallet,"",""
57173144,2025-08-26 19:46:57,Spot Trading,Sell,44102706,2424910244,"","","",RENDER,12.78000000,45.82917800,USDT,45.95688000,45.97140800,USDT,0.11489220,0.11492900,Wallet,"",""
57173144,2025-08-26 19:46:57,Spot Trading,Sell,44102706,2424910250,"","","",RENDER,0.07000000,0.25102100,USDT,0.25172000,0.25180000,USDT,0.00062930,0.00062900,Wallet,"",""
57173144,2025-08-26 22:52:29,Spot Trading,Buy,44165060,2424925691,"","","",RENDER,31.28000000,112.17032100,USDT,112.63928000,112.67488900,RENDER,0.12512000,0.44868100,Wallet,"",""
57173144,2025-08-26 23:02:11,Convert,Convert,2074583707796165359,3631603,"","","",XRP,82.95726041,249.88535700,USDT,235.74006788,235.81459200,USDT,13.47228692,13.47654600,Wallet,"",""
57173144,2025-08-26 23:03:50,Spot Trading,Buy,44165303,2424924891,"","","",RENDER,43.21000000,154.95139300,USDT,156.11773000,156.16708300,RENDER,0.17284000,0.61980600,Wallet,"",""
57173144,2025-08-26 23:07:00,Spot Trading,Sell,253312518,2424926492,"","","",XRP,62.40000000,187.96240600,USDT,188.22960000,188.28910500,USDT,0.75291840,0.75315600,Wallet,"",""
57173144,2025-08-26 23:07:08,Spot Trading,Buy,44165436,2424923863,"","","",RENDER,8.71000000,31.23412700,USDT,31.49536000,31.50531700,RENDER,0.03484000,0.12493700,Wallet,"",""
57173144,2025-08-26 23:17:27,Spot Trading,Buy,1284907385,2424927422,"","","",ETH,0.00540000,24.84230400,USDT,24.98569200,24.99359100,ETH,0.00002160,0.09936900,Wallet,"",""
57173144,2025-08-26 23:17:30,Spot Trading,Buy,253314514,2424925966,"","","",XRP,8.20000000,24.70018800,USDT,24.80090000,24.80874000,XRP,0.03280000,0.09880100,Wallet,"",""
57173144,2025-08-26 23:17:33,Spot Trading,Buy,711050110,2424925559,"","","",SOL,0.12600000,24.69969900,USDT,24.86232000,24.87018000,SOL,0.00050400,0.09879900,Wallet,"",""
57173144,2025-08-26 23:17:35,Spot Trading,Buy,183162710,2424927917,"","","",LINK,1.01000000,24.64384200,USDT,24.84600000,24.85385500,LINK,0.00404000,0.09857500,Wallet,"",""
57173144,2025-08-26 23:17:39,Spot Trading,Buy,44165720,2424926664,"","","",RENDER,12.55000000,45.00439700,USDT,45.53140000,45.54579400,RENDER,0.05020000,0.18001800,Wallet,"",""
57173144,2025-08-26 23:17:48,Spot Trading,Buy,131076581,2424925968,"","","",DOT,6.39000000,24.84590400,USDT,24.98490000,24.99279800,DOT,0.02556000,0.09938400,Wallet,"",""
57173144,2025-08-26 23:18:05,Spot Trading,Buy,125827195,2424925572,"","","",AAVE,0.07400000,24.89140500,USDT,24.93356000,24.94144200,AAVE,0.00029600,0.09956600,Wallet,"",""
57173144,2025-08-26 23:18:15,Spot Trading,Buy,331269656,2424928353,"","","",FIL,29.62000000,68.82253400,USDT,69.13308000,69.15493500,FIL,0.11848000,0.27529000,Wallet,"",""
57173144,2025-08-27 08:27:55,Spot Trading,Sell,535647876,2424973178,"","","",ADA,18.60000000,15.81289900,USDT,15.89742000,15.89835400,USDT,0.06358968,0.06359300,Wallet,"",""
57173144,2025-08-27 08:27:55,Spot Trading,Sell,535647876,2424973177,"","","",ADA,16.60000000,14.11258700,USDT,14.18470000,14.18553300,USDT,0.05673880,0.05674200,Wallet,"",""
57173144,2025-08-27 08:28:00,Spot Trading,Sell,44178435,2424972776,"","","",RENDER,34.06000000,121.42273000,USDT,121.86668000,121.87384000,USDT,0.48746672,0.48749500,Wallet,"",""
57173144,2025-08-27 08:28:05,Spot Trading,Buy,541671776,2424973183,"","","",BNB,0.09700000,82.99769100,USDT,83.12997000,83.13485400,BNB,0.00036860,0.31539100,Wallet,"",""
57173144,2025-08-27 08:45:35,Spot Trading,Sell,535649541,2424972858,"","","",ADA,26.40000000,22.44411400,USDT,22.57992000,22.58124700,BNB,0.00010042,0.08592400,Wallet,"",""
57173144,2025-08-27 08:45:41,Spot Trading,Sell,44178854,2424972375,"","","",RENDER,25.54000000,91.04922200,USDT,91.43320000,91.43857200,BNB,0.00040664,0.34794000,Wallet,"",""
57173144,2025-08-27 08:45:45,Spot Trading,Buy,541673185,2424972860,"","","",BNB,0.09700000,82.99769100,USDT,82.97574000,82.98061500,BNB,0.00036860,0.31539100,Wallet,"",""
57173144,2025-08-27 08:53:58,Spot Trading,Buy,1528507233,2424974810,"","","",BTC,0.00075000,83.41654600,USDT,83.06313000,83.06801000,BNB,0.00036969,0.31632400,Wallet,"",""
57173144,2025-08-27 08:56:27,Spot Trading,Sell,535650582,2424975779,"","","",ADA,19.80000000,16.83308600,USDT,16.97850000,16.97949700,BNB,0.00007556,0.06465300,Wallet,"",""
57173144,2025-08-27 08:56:33,Spot Trading,Sell,44179189,2424973417,"","","",RENDER,19.16000000,68.30474200,USDT,68.65028000,68.65431300,BNB,0.00030552,0.26141700,Wallet,"",""
57173144,2025-08-27 08:56:37,Spot Trading,Buy,541674052,2424974394,"","","",BNB,0.09700000,82.99769100,USDT,83.21533000,83.22021900,BNB,0.00036860,0.31539100,Wallet,"",""
57173144,2025-08-27 09:04:20,Spot Trading,Sell,535651963,2424975284,"","","",ADA,14.90000000,12.66732200,USDT,12.82443000,12.82518300,BNB,0.00005680,0.04860100,Wallet,"",""
57173144,2025-08-27 09:04:24,Spot Trading,Sell,44179380,2424973482,"","","",RENDER,14.37000000,51.22855600,USDT,51.61704000,51.62007300,BNB,0.00022862,0.19561800,Wallet,"",""
57173144,2025-08-27 09:04:28,Spot Trading,Sell,535651974,2424974900,"","","",ADA,11.20000000,9.52174600,USDT,9.63984000,9.64040600,BNB,0.00004269,0.03652800,Wallet,"",""
57173144,2025-08-27 09:04:33,Spot Trading,Sell,44179381,2424974902,"","","",RENDER,10.77000000,38.39468000,USDT,38.68584000,38.68811300,BNB,0.00017135,0.14661500,Wallet,"",""
57173144,2025-08-27 09:04:38,Spot Trading,Buy,183243648,2424973918,"","","",LINK,1.02000000,24.23298400,USDT,24.83700000,24.83845900,BNB,0.00010982,0.09396700,Wallet,"",""
57173144,2025-08-27 09:04:43,Spot Trading,Buy,44179385,2424973487,"","","",RENDER,23.19000000,82.67155300,USDT,83.83185000,83.83677500,BNB,0.00036896,0.31569900,Wallet,"",""
57173144,2025-08-27 09:04:47,Spot Trading,Sell,44179390,2424973921,"","","",RENDER,13.88000000,49.48172300,USDT,49.89860000,49.90153200,BNB,0.00022101,0.18910600,Wallet,"",""
57173144,2025-08-27 09:07:59,Spot Trading,Sell,119309417,2424974460,"","","",SUI,10.50000000,36.07327600,USDT,36.09900000,36.10112100,BNB,0.00016017,0.13704900,Wallet,"",""
57173144,2025-08-27 09:08:05,Spot Trading,Buy,253439203,2424975861,"","","",XRP,27.60000000,81.87865000,USDT,83.36304000,83.36793800,BNB,0.00036983,0.31644400,Wallet,"",""
57173144,2025-08-27 10:26:02,Spot Trading,Sell,44180935,2424976694,"","","",RENDER,10.41000000,37.11129200,USDT,37.52805000,37.53025500,BNB,0.00016625,0.14225100,Wallet,"",""
57173144,2025-08-27 10:26:06,Spot Trading,Sell,535660441,2424978492,"","","",ADA,8.40000000,7.14130900,USDT,7.22904000,7.22946500,BNB,0.00003202,0.02739800,Wallet,"",""
57173144,2025-08-27 10:26:20,Spot Trading,Sell,119319871,2424977107,"","","",SUI,7.80000000,26.79729100,USDT,26.71890000,26.72047000,BNB,0.00011837,0.10128300,Wallet,"",""
57173144,2025-08-27 10:26:26,Spot Trading,Buy,254742692,2424978499,"","","",AVAX,0.30000000,7.32685800,USDT,7.31400000,7.31443000,BNB,0.00003237,0.02769700,Wallet,"",""
57173144,2025-08-27 10:26:26,Spot Trading,Buy,254742692,2424978501,"","","",AVAX,3.12000000,76.19932500,USDT,76.06560000,76.07006900,BNB,0.00033670,0.28809600,Wallet,"",""
57173144,2025-08-27 10:26:30,Spot Trading,Sell,44180954,2424979063,"","","",RENDER,7.81000000,27.84238200,USDT,28.19410000,28.19575600,BNB,0.00012490,0.10687000,Wallet,"",""
57173144,2025-08-27 10:37:20,Spot Trading,Sell,535661520,2424978549,"","","",ADA,6.30000000,5.35598200,USDT,5.41170000,5.41201800,BNB,0.00002396,0.02050100,Wallet,"",""
57173144,2025-08-27 10:37:25,Spot Trading,Sell,119322035,2424979504,"","","",SUI,5.90000000,20.26974500,USDT,20.19983000,20.20101700,BNB,0.00008949,0.07657200,Wallet,"",""
57173144,2025-08-27 10:37:29,Spot Trading,Sell,44181157,2424979507,"","","",RENDER,5.85000000,20.85504900,USDT,21.10680000,21.10804000,BNB,0.00009350,0.08000300,Wallet,"",""
57173144,2025-08-27 10:37:33,Spot Trading,Sell,535661537,2424978143,"","","",ADA,4.70000000,3.99573200,USDT,4.03730000,4.03753700,BNB,0.00001787,0.01529000,Wallet,"",""
57173144,2025-08-27 10:37:37,Spot Trading,Sell,119322055,2424978147,"","","",SUI,4.40000000,15.11642000,USDT,15.06428000,15.06516500,BNB,0.00006673,0.05709700,Wallet,"",""
57173144,2025-08-27 10:37:41,Spot Trading,Buy,183262184,2424977666,"","","",LINK,3.41000000,81.01419300,USDT,83.23810000,83.24299000,BNB,0.00036891,0.31565600,Wallet,"",""
57173144,2025-08-27 10:44:25,Spot Trading,Sell,44181373,2424979570,"","","",RENDER,4.39000000,15.65019900,USDT,15.80400000,15.80492800,BNB,0.00007001,0.05990400,Wallet,"",""
57173144,2025-08-27 10:44:29,Spot Trading,Sell,535662506,2424980323,"","","",ADA,3.50000000,2.97554500,USDT,3.00755000,3.00772700,BNB,0.00001331,0.01138900,Wallet,"",""
57173144,2025-08-27 10:44:34,Spot Trading,Sell,119323878,2424980325,"","","",SUI,3.30000000,11.33731500,USDT,11.28831000,11.28897300,BNB,0.00005000,0.04278200,Wallet,"",""
57173144,2025-08-27 10:45:46,Spot Trading,Sell,44181423,2424978242,"","","",RENDER,3.29000000,11.72873700,USDT,11.86045000,11.86114700,BNB,0.00005254,0.04495600,Wallet,"",""
57173144,2025-08-27 10:45:50,Spot Trading,Sell,535662649,2424979190,"","","",ADA,2.60000000,2.21040500,USDT,2.23262000,2.23275100,BNB,0.00000988,0.00845400,Wallet,"",""
57173144,2025-08-27 10:45:54,Spot Trading,Sell,119324061,2424978244,"","","",SUI,2.50000000,8.58887500,USDT,8.55800000,8.55850300,BNB,0.00003791,0.03243800,Wallet,"",""
57173144,2025-08-27 10:46:00,Spot Trading,Sell,44181424,2424978647,"","","",RENDER,2.47000000,8.80546500,USDT,8.90435000,8.90487300,BNB,0.00003944,0.03374700,Wallet,"",""
57173144,2025-08-27 10:46:04,Spot Trading,Sell,535662674,2424978649,"","","",ADA,2.00000000,1.70031200,USDT,1.71780000,1.71790100,BNB,0.00000760,0.00650300,Wallet,"",""
57173144,2025-08-27 10:46:08,Spot Trading,Sell,119324085,2424978246,"","","",SUI,1.90000000,6.52754500,USDT,6.50484000,6.50522200,BNB,0.00002881,0.02465100,Wallet,"",""
57173144,2025-08-27 10:46:12,Spot Trading,Sell,44181428,2424980343,"","","",RENDER,1.85000000,6.59518600,USDT,6.67110000,6.67149200,BNB,0.00002955,0.02528400,Wallet,"",""
57173144,2025-08-27 10:46:19,Spot Trading,Buy,314037168,2424979194,"","","",SHIB,6690763.00000000,83.50072200,USDT,83.56762987,83.57253900,BNB,0.00025424,0.21754000,Wallet,"",""
57173144,2025-08-27 13:14:46,Spot Trading,Sell,131101044,2424984804,"","","",DOT,1.59000000,6.09633200,USDT,6.14058000,6.14094100,BNB,0.00002723,0.02329900,Wallet,"",""
57173144,2025-08-27 13:14:50,Spot Trading,Sell,535680470,2424987727,"","","",ADA,1.50000000,1.27523400,USDT,1.28805000,1.28812600,BNB,0.00000570,0.00487700,Wallet,"",""
57173144,2025-08-27 13:14:54,Spot Trading,Sell,119345542,2424986980,"","","",SUI,1.40000000,4.80977000,USDT,4.80326000,4.80354200,BNB,0.00002130,0.01822500,Wallet,"",""
57173144,2025-08-27 13:14:58,Spot Trading,Sell,44185221,2424987728,"","","",RENDER,1.39000000,4.95530200,USDT,4.99983000,5.00012400,BNB,0.00002217,0.01897000,Wallet,"",""
57173144,2025-08-27 13:15:08,Spot Trading,Sell,131101079,2424984811,"","","",DOT,1.19000000,4.56266400,USDT,4.59340000,4.59367000,BNB,0.00002037,0.01743000,Wallet,"",""
57173144,2025-08-27 17:02:01,Spot Trading,Buy,2385096,2425013368,"","","",JUP,55.10000000,27.28486400,USDT,28.21671000,28.21836800,BNB,0.00012270,0.10498800,Wallet,"",""
57173144,2025-08-28 01:39:07,Spot Trading,Sell,314136198,2425126331,"","","",SHIB,2382843.00000000,30.19062100,USDT,29.99999337,30.00123000,BNB,0.00008289,0.07247600,Wallet,"",""
57173144,2025-08-28 01:45:09,Spot Trading,Sell,314136198,2425114827,"","","",SHIB,2382843.00000000,30.19062100,USDT,29.99999337,30.00123000,BNB,0.00008294,0.07252000,Wallet,"",""
57173144,2025-08-28 01:59:05,Spot Trading,Sell,314136198,2425184516,"","","",SHIB,1925077.00000000,24.39072600,USDT,24.23671943,24.23771800,BNB,0.00006729,0.05883600,Wallet,"",""
57173144,2025-08-28 02:10:01,Spot Trading,Buy,236049361,2425126596,"","","",UNI,1.26000000,12.60939400,USDT,12.54078000,12.54129700,BNB,0.00005552,0.04854500,Wallet,"",""
57173144,2025-08-28 02:10:01,Spot Trading,Buy,236049361,2425126597,"","","",UNI,7.16000000,71.65338200,USDT,71.26348000,71.26641700,BNB,0.00031553,0.27588900,Wallet,"",""
57173144,2025-08-28 05:05:01,Spot Trading,Sell,183491723,2425224017,"","","",LINK,3.22000000,81.08116600,USDT,78.31040000,78.31362800,BNB,0.00021405,0.18715800,Wallet,"",""
57173144,2025-08-28 05:06:44,Convert,Convert,2075513765784248113,3633828,"","","",XRP,25.00000000,74.17737400,USDT,71.08043687,71.08336700,USDT,4.05503163,4.05519900,Wallet,"",""
57173144,2025-08-28 05:10:14,Convert,Convert,2075515569670506388,3633831,"","","",USDT,50.00000000,50.00206100,USD,48.53000000,48.53000000,USD,1.48205100,1.48205100,Wallet,"",""
57173144,2025-08-28 06:10:17,Spot Trading,Buy,1529104274,2425225794,"","","",BTC,0.00045000,50.64516100,USDT,50.84425350,50.84634900,BNB,0.00022201,0.19411800,Wallet,"",""
57173144,2025-08-28 06:17:38,Spot Trading,Sell,541797108,2425226608,"","","",BNB,0.07000000,61.20562000,USDT,60.77540000,60.77790500,BNB,0.00016624,0.14535500,Wallet,"",""
57173144,2025-08-28 08:05:27,Spot Trading,Buy,5608265,2425231213,"","","",HYPE,1.17200000,53.47512500,USDT,56.25600000,56.25831900,BNB,0.00015466,0.13522900,Wallet,"",""
57173144,2025-08-28 15:39:15,Spot Trading,Buy,253743608,2425264228,"","","",XRP,14.80000000,43.91300600,USDT,44.25052000,44.25234400,BNB,0.00012098,0.10578100,Wallet,"",""
57173144,2025-08-28 15:39:15,Spot Trading,Buy,253743608,2425264230,"","","",XRP,2.50000000,7.41773700,USDT,7.47475000,7.47505800,BNB,0.00002043,0.01786300,Wallet,"",""
57173144,2025-08-29 00:42:50,Spot Trading,Sell,183736039,2425303744,"","","",LINK,1.47000000,34.44747600,USDT,36.41190000,36.41722700,BNB,0.00015779,0.13621600,Wallet,"",""
57173144,2025-08-29 00:42:50,Spot Trading,Sell,183736039,2425303745,"","","",LINK,2.28000000,53.42873900,USDT,56.47560000,56.48386200,BNB,0.00024474,0.21127800,Wallet,"",""
57173144,2025-08-29 00:42:50,Spot Trading,Sell,183736050,2425305368,"","","",LINK,3.37000000,78.97142500,USDT,83.47490000,83.48711200,BNB,0.00036176,0.31229900,Wallet,"",""
57173144,2025-08-29 00:42:50,Spot Trading,Sell,183736051,2425305929,"","","",LINK,1.57000000,36.79084200,USDT,38.88890000,38.89458900,BNB,0.00016853,0.14548800,Wallet,"",""
57173144,2025-08-29 00:42:54,Spot Trading,Buy,253939097,2425304331,"","","",XRP,28.10000000,79.29699300,USDT,83.16476000,83.17692600,BNB,0.00036038,0.31110800,Wallet,"",""
57173144,2025-08-29 00:44:51,Spot Trading,Buy,1529733997,2425304348,"","","",BTC,0.00074000,80.22402000,USDT,83.35110620,83.36330000,BNB,0.00035961,0.31044300,Wallet,"",""
57173144,2025-08-29 00:44:55,Spot Trading,Buy,1285982459,2425304351,"","","",ETH,0.01850000,80.66283100,USDT,83.13659500,83.14875700,BNB,0.00035965,0.31047700,Wallet,"",""
57173144,2025-08-29 05:11:14,Spot Trading,Sell,541921440,2425323261,"","","",BNB,0.15800000,136.39769200,USDT,137.42524000,137.44534400,BNB,0.00060040,0.51831100,Wallet,"",""
57173144,2025-08-29 05:15:18,Withdrawal,USD Withdrawal,f45fceefaae24bfcbc75deda8e9614be,2425198561,USD,48.53000000,48.53000000,"","","","","","",USD,0E-8,0E-8,Wallet,ACH,""
57173144,2025-08-29 05:31:38,Spot Trading,Buy,254001544,2425324347,"","","",XRP,28.60000000,80.70797100,USDT,83.17738000,83.18954800,BNB,0.00036355,0.31384400,Wallet,"",""
57173144,2025-08-29 06:44:45,Convert,Convert,"",2425326905,"","","",LINK,0.00216000,0.05061670,USDT,0.05155920,0.05156670,USDT,0.00257796,0.00257830,Wallet,"",""
57173144,2025-08-29 06:44:45,Convert,Convert,"",2425326906,"","","",ADA,4.68425000,3.87451770,USDT,3.94273322,3.94331000,USDT,0.19713667,0.19716550,Wallet,"",""
57173144,2025-08-29 08:36:18,Spot Trading,Sell,119881156,2425340865,"","","",SUI,1.00000000,3.28512900,USDT,3.33470000,3.33518800,BNB,0.00001471,0.01269900,Wallet,"",""
57173144,2025-08-29 08:36:22,Spot Trading,Sell,44253350,2425340867,"","","",RENDER,1.04000000,3.60113500,USDT,3.62648000,3.62701100,BNB,0.00001599,0.01380400,Wallet,"",""
57173144,2025-08-29 08:36:30,Spot Trading,Sell,131232070,2425340292,"","","",DOT,0.89000000,3.36145100,USDT,3.37310000,3.37359300,BNB,0.00001487,0.01283700,Wallet,"",""
57173144,2025-08-29 08:36:35,Spot Trading,Sell,119881286,2425339862,"","","",SUI,0.80000000,2.62810300,USDT,2.66776000,2.66815000,BNB,0.00001177,0.01016100,Wallet,"",""
57173144,2025-08-29 08:36:39,Spot Trading,Sell,44253352,2425341302,"","","",RENDER,0.40000000,1.38505200,USDT,1.39480000,1.39500400,BNB,0.00000614,0.00530100,Wallet,"",""
57173144,2025-08-29 08:36:39,Spot Trading,Sell,44253352,2425341303,"","","",RENDER,0.38000000,1.31579900,USDT,1.32430000,1.32449400,BNB,0.00000584,0.00504200,Wallet,"",""
57173144,2025-08-29 08:36:46,Spot Trading,Sell,131232077,2425338916,"","","",DOT,0.67000000,2.53053100,USDT,2.53997000,2.54034200,BNB,0.00001120,0.00966900,Wallet,"",""
57173144,2025-08-29 08:36:50,Spot Trading,Sell,119881309,2425339414,"","","",SUI,0.60000000,1.97107700,USDT,2.00082000,2.00111300,BNB,0.00000882,0.00761400,Wallet,"",""
57173144,2025-08-29 08:36:55,Spot Trading,Buy,236417631,2425339865,"","","",UNI,8.70000000,83.81882400,USDT,83.94630000,83.95858100,BNB,0.00036897,0.31852300,Wallet,"",""
57173144,2025-08-29 08:36:59,Spot Trading,Sell,44253356,2425341306,"","","",RENDER,0.59000000,2.04295100,USDT,2.05615000,2.05645100,BNB,0.00000907,0.00783000,Wallet,"",""
57173144,2025-08-29 12:24:42,Spot Trading,Sell,1284397872,2425351033,"","","",ETH,0.01250000,54.50191300,USDT,54.66537500,54.67337200,BNB,0.00015133,0.13064000,Wallet,"",""
57173144,2025-08-29 12:31:02,Spot Trading,Sell,183785012,2425352971,"","","",LINK,0.97000000,22.73064800,USDT,23.32850000,23.33191300,BNB,0.00006421,0.05543100,Wallet,"",""
57173144,2025-08-29 13:16:05,Spot Trading,Sell,5629337,2425359754,"","","",HYPE,0.29300000,13.00757800,USDT,13.35787000,13.35982400,BNB,0.00003669,0.03167400,Wallet,"",""
57173144,2025-08-29 16:08:29,Convert,Convert,2076596999485974187,3635959,"","","",RENDER,1.78807000,6.19142400,HYPE,0.11714075,5.20040100,HYPE,0.00605663,0.26888100,Wallet,"",""
57173144,2025-08-29 16:10:00,Convert,Convert,2076597781170022509,3635960,"","","",DOT,2.02444000,7.64613000,BTC,0.00006606,7.16162000,BTC,0.00000409,0.44340000,Wallet,"",""
57173144,2025-08-29 20:35:10,Spot Trading,Buy,1530705286,2425401268,"","","",BTC,0.00101000,109.49494700,USDT,109.17269780,109.18866900,BNB,0.00048381,0.41766200,Wallet,"",""
57173144,2025-08-30 11:42:02,Spot Trading,Sell,184044173,2425443002,"","","",LINK,3.75000000,88.11677400,USDT,87.45000000,87.45497100,BNB,0.00038647,0.33329300,Wallet,"",""
57173144,2025-08-30 11:42:02,Spot Trading,Sell,184044178,2425441403,"","","",LINK,2.81000000,66.02883600,USDT,65.52920000,65.53292500,BNB,0.00028959,0.24974400,Wallet,"",""
57173144,2025-08-30 21:21:37,Deposit,USD Deposit,1d0d76cf3feb40b586c4d83c1e93cf8b,2425447070,USD,500.00000000,500.00000000,"","","","","","",USD,0E-8,0E-8,ACH,"",""
57173144,2025-08-31 00:27:42,Spot Trading,Buy,57753973,2425479655,"","","",WIF,50.00000000,39.24942800,USDT,40.45000000,40.45242200,BNB,0.00018662,0.16008600,Wallet,"",""
57173144,2025-08-31 00:27:43,Spot Trading,Sell,120267672,2425481766,"","","",SUI,5.00000000,16.25530600,USDT,16.50500000,16.50598800,BNB,0.00007315,0.06274900,Wallet,"",""
57173144,2025-08-31 00:30:29,Spot Trading,Sell,254537310,2425480808,"","","",XRP,20.00000000,55.53283000,USDT,56.49000000,56.49338300,BNB,0.00025028,0.21469400,Wallet,"",""
57173144,2025-08-31 00:30:30,Spot Trading,Sell,90606114,2425481323,"","","",CTSI,100.00000000,7.57486700,USDT,7.79000000,7.79046600,BNB,0.00003451,0.02960300,Wallet,"",""
57173144,2025-08-31 00:33:37,Spot Trading,Sell,254537843,2425480308,"","","",XRP,10.00000000,27.76641500,USDT,28.24400000,28.24569100,BNB,0.00012500,0.10722700,Wallet,"",""
57173144,2025-08-31 00:33:38,Spot Trading,Buy,236890613,2425479157,"","","",UNI,18.00000000,173.18459300,USDT,175.42800000,175.43850500,BNB,0.00077442,0.66431000,Wallet,"",""
57173144,2025-08-31 00:36:24,Spot Trading,Buy,79786346,2425480964,"","","",USDT,500.00000000,500.02994000,USD,499.40000000,499.40000000,BNB,0.00220586,1.89222400,Wallet,"",""
57173144,2025-08-31 00:37:40,Spot Trading,Buy,254538404,2425479856,"","","",XRP,75.00000000,208.24811300,USDT,212.04750000,212.06019700,BNB,0.00093525,0.80227300,Wallet,"",""
57173144,2025-08-31 00:37:50,Spot Trading,Buy,120269062,2425482376,"","","",SUI,80.00000000,260.08489300,USDT,264.93600000,264.95186400,BNB,0.00116504,0.99939100,Wallet,"",""
57173144,2025-08-31 00:39:26,Spot Trading,Buy,50635146,2425480388,"","","",APT,15.00000000,63.83911000,USDT,65.62500000,65.62893000,BNB,0.00028946,0.24830400,Wallet,"",""
57173144,2025-08-31 00:56:51,Spot Trading,Sell,184110600,2425483305,"","","",LINK,0.40000000,9.28961400,USDT,9.51200000,9.51257000,BNB,0.00004190,0.03594300,Wallet,"",""
57173144,2025-08-31 00:57:10,Spot Trading,Buy,57757977,2425484228,"","","",WIF,15.00000000,11.77482800,USDT,12.58500000,12.58575400,BNB,0.00005484,0.04704300,Wallet,"",""
57173144,2025-08-31 00:58:05,Spot Trading,Sell,184110863,2425483749,"","","",LINK,0.48000000,11.14753600,USDT,11.40960000,11.41028300,BNB,0.00005025,0.04310500,Wallet,"",""
57173144,2025-08-31 01:07:40,Convert,Convert,"",2425473177,"","","",USD,0.60000000,0.60000000,USDT,0.60054048,0.60057640,USDT,0.03002703,0.03002880,Wallet,"",""
57173144,2025-08-31 01:16:19,Deposit,USD Deposit,dc7f32caf2c249f18ce0d41114d0c1d4,2425453398,USD,350.00000000,350.00000000,"","","","","","",USD,0E-8,0E-8,ACH,"",""
57173144,2025-08-31 01:36:51,Spot Trading,Buy,79787279,2425487788,"","","",USDT,350.00000000,350.02095800,USD,349.79000000,349.79000000,BNB,0.00154037,1.32135500,Wallet,"",""
57173144,2025-08-31 01:43:02,Spot Trading,Buy,131297208,2425487262,"","","",DOT,25.00000000,93.55056500,USDT,96.75000000,96.75579300,BNB,0.00042560,0.36508700,Wallet,"",""
57173144,2025-08-31 01:43:03,Spot Trading,Buy,50635292,2425485808,"","","",APT,20.00000000,85.11881300,USDT,87.54000000,87.54524200,BNB,0.00038511,0.33035400,Wallet,"",""
57173144,2025-08-31 04:16:39,Spot Trading,Buy,57774278,2425495501,"","","",WIF,100.00000000,78.49885600,USDT,81.70000000,81.70489200,BNB,0.00036958,0.31703200,Wallet,"",""
57173144,2025-08-31 08:18:23,Spot Trading,Buy,24502251,2425501230,"","","",STMX,271497.00000000,28.24654800,USDT,28.23568800,28.23737900,BNB,0.00007736,0.06636100,Wallet,"",""
57173144,2025-08-31 09:21:46,Spot Trading,Buy,24502251,2425500540,"","","",STMX,45700.00000000,4.75462800,USDT,4.75280000,4.75308500,BNB,0.00001302,0.01116900,Wallet,"",""
57173144,2025-08-31 09:36:58,Spot Trading,Sell,120312003,2425501073,"","","",SUI,45.40000000,147.59817700,USDT,150.87782000,150.88685500,BNB,0.00041692,0.35764100,Wallet,"",""
57173144,2025-08-31 09:41:24,Spot Trading,Sell,236947556,2425501109,"","","",UNI,8.78000000,84.47559600,USDT,86.59714000,86.60232500,BNB,0.00038287,0.32843200,Wallet,"",""
57173144,2025-08-31 09:50:12,Convert,Convert,2077886374438033984,3638022,"","","",BTC,0.00184051,199.21074700,LTC,1.65984537,180.77120500,LTC,0.12801222,13.94161400,Wallet,"",""
57173144,2025-08-31 10:13:32,Spot Trading,Buy,90606383,2425504449,"","","",CTSI,876.00000000,66.35583500,USDT,69.20400000,69.20814400,BNB,0.00019025,0.16320000,Wallet,"",""
57173144,2025-08-31 10:42:49,Spot Trading,Buy,90606383,2425505047,"","","",CTSI,17.00000000,1.28772700,USDT,1.34300000,1.34308000,BNB,0.00000372,0.00319100,Wallet,"",""
57173144,2025-08-31 12:01:04,Spot Trading,Sell,236948834,2425506882,"","","",UNI,9.88000000,95.05909900,USDT,97.44644000,97.45227500,BNB,0.00026917,0.23089900,Wallet,"",""
57173144,2025-08-31 18:39:03,Spot Trading,Buy,1287374756,2425521575,"","","",ETH,0.01000000,43.90019100,USDT,44.85190000,44.85458600,BNB,0.00019694,0.16893800,Wallet,"",""
57173144,2025-08-31 18:39:34,Spot Trading,Buy,713006872,2425520402,"","","",SOL,0.50000000,100.93779300,USDT,102.76000000,102.76615300,BNB,0.00045106,0.38692700,Wallet,"",""
57173144,2025-08-31 18:39:56,Spot Trading,Buy,44349316,2425519873,"","","",RENDER,5.00000000,17.11095600,USDT,17.52000000,17.52104900,BNB,0.00007690,0.06596600,Wallet,"",""
57173144,2025-08-31 23:33:47,Spot Trading,Buy,254617507,2425533763,"","","",XRP,24.50000000,68.02771700,USDT,68.16390000,68.16798200,BNB,0.00018856,0.16175000,Wallet,"",""
57173144,2025-08-31 23:35:14,Spot Trading,Buy,254617507,2425534359,"","","",XRP,32.60000000,90.51851300,USDT,90.69972000,90.70515100,BNB,0.00025125,0.21552600,Wallet,"",""
57173144,2025-09-01 00:10:01,Withdrawal,Crypto Withdrawal,2425531593,2425531593,XRP,184.73978800,508.71695800,"","","","","","",XRP,0.35167300,0.96840000,Wallet,Wallet,""
57173144,2025-09-01 00:11:14,Spot Trading,Sell,24502356,2425538413,"","","",STMX,79299.00000000,7.43031600,USDT,7.92990000,7.93026900,BNB,0.00003514,0.02972200,Wallet,"",""
57173144,2025-09-01 00:11:17,Spot Trading,Sell,24502357,2425539703,"","","",STMX,59474.00000000,5.57271400,USDT,5.94740000,5.94767700,BNB,0.00002635,0.02228800,Wallet,"",""
57173144,2025-09-01 00:11:24,Spot Trading,Sell,24502358,2425537925,"","","",STMX,44606.00000000,4.17958200,USDT,4.46060000,4.46080800,BNB,0.00001976,0.01671400,Wallet,"",""
57173144,2025-09-01 00:11:29,Spot Trading,Sell,24502359,2425537927,"","","",STMX,33454.00000000,3.13464000,USDT,3.34540000,3.34555600,BNB,0.00001482,0.01253500,Wallet,"",""
57173144,2025-09-01 00:25:59,Spot Trading,Sell,24502361,2425540131,"","","",STMX,25091.00000000,2.35102700,USDT,2.50910000,2.50921700,BNB,0.00001111,0.00939700,Wallet,"",""
57173144,2025-09-01 00:26:09,Spot Trading,Sell,24502362,2425541139,"","","",STMX,18818.00000000,1.76324700,USDT,1.88180000,1.88188800,BNB,0.00000833,0.00704600,Wallet,"",""
57173144,2025-09-01 00:26:20,Spot Trading,Sell,24502363,2425539648,"","","",STMX,14113.00000000,1.32238800,USDT,1.41130000,1.41136600,BNB,0.00000625,0.00528600,Wallet,"",""
57173144,2025-09-01 00:26:23,Spot Trading,Sell,24502364,2425542510,"","","",STMX,10585.00000000,0.99181500,USDT,1.05850000,1.05854900,BNB,0.00000468,0.00395800,Wallet,"",""
57173144,2025-09-01 00:48:01,Withdrawal,Crypto Withdrawal,2425541666,2425541666,LTC,1.65669167,179.82402600,"","","","","","",LTC,0.00315370,0.34231500,Wallet,Wallet,""
57173144,2025-09-01 01:06:05,Spot Trading,Sell,120428821,2425545466,"","","",SUI,40.30000000,128.87853200,USDT,130.18109000,130.18715400,BNB,0.00057363,0.48519100,Wallet,"",""
57173144,2025-09-01 01:06:08,Spot Trading,Sell,90607039,2425546470,"","","",CTSI,741.00000000,53.98663700,USDT,55.13040000,55.13296800,BNB,0.00024292,0.20546800,Wallet,"",""
57173144,2025-09-01 01:09:26,Spot Trading,Sell,2432574,2425546498,"","","",JUP,55.10000000,26.16248400,USDT,26.54167000,26.54290600,BNB,0.00011701,0.09897000,Wallet,"",""
57173144,2025-09-01 01:09:29,Spot Trading,Sell,120429462,2425547969,"","","",SUI,5.20000000,16.62948800,USDT,16.76376000,16.76454100,BNB,0.00007390,0.06250700,Wallet,"",""
57173144,2025-09-01 01:09:31,Spot Trading,Sell,24502365,2425547971,"","","",STMX,31757.00000000,2.97563100,USDT,3.17570000,3.17584800,BNB,0.00001399,0.01183300,Wallet,"",""
57173144,2025-09-01 01:10:57,Spot Trading,Buy,1287502496,2425547000,"","","",ETH,0.06000000,258.86822600,USDT,263.84040000,263.85269000,BNB,0.00116063,0.98169100,Wallet,"",""
57173144,2025-09-01 05:30:58,Convert,Convert,"",2425559667,"","","",SUI,0.07600000,0.24304640,USDT,0.24022840,0.24023960,USDT,0.01201142,0.01201200,Wallet,"",""
57173144,2025-09-01 05:30:58,Convert,Convert,"",2425559668,"","","",XRP,0.05707459,0.15716600,USDT,0.15530566,0.15531290,USDT,0.00776529,0.00776570,Wallet,"",""
57173144,2025-09-01 05:30:58,Convert,Convert,"",2425559669,"","","",RENDER,5.00000000,16.61885960,USDT,16.58000000,16.58077230,USDT,0.82900000,0.82903860,Wallet,"",""
57173144,2025-09-01 05:30:58,Convert,Convert,"",2425559666,"","","",USD,0.21000000,0.21000000,USDT,0.21000000,0.21000980,USDT,0.01050000,0.01050050,Wallet,"",""
57173144,2025-09-01 05:49:12,Spot Trading,Sell,90607243,2425567842,"","","",CTSI,198.00000000,14.42557900,USDT,14.61240000,14.61308100,BNB,0.00006519,0.05513900,Wallet,"",""
57173144,2025-09-01 05:49:17,Spot Trading,Sell,90607244,2425567845,"","","",CTSI,149.00000000,10.85561300,USDT,10.99620000,10.99671200,BNB,0.00004906,0.04149600,Wallet,"",""
57173144,2025-09-01 05:49:20,Spot Trading,Sell,90607245,2425567314,"","","",CTSI,111.00000000,8.08706700,USDT,8.19180000,8.19218200,BNB,0.00003654,0.03090600,Wallet,"",""
57173144,2025-09-01 05:49:23,Spot Trading,Sell,90607246,2425568991,"","","",CTSI,84.00000000,6.11994300,USDT,6.19920000,6.19948900,BNB,0.00002765,0.02338700,Wallet,"",""
57173144,2025-09-01 05:49:29,Spot Trading,Sell,90607247,2425567317,"","","",CTSI,63.00000000,4.58995700,USDT,4.64940000,4.64961700,BNB,0.00002073,0.01753400,Wallet,"",""
57173144,2025-09-01 05:49:32,Spot Trading,Sell,90607248,2425568993,"","","",CTSI,47.00000000,3.42425400,USDT,3.46860000,3.46876200,BNB,0.00001547,0.01308500,Wallet,"",""
57173144,2025-09-01 05:49:35,Spot Trading,Sell,57973889,2425568994,"","","",WIF,41.25000000,31.29294500,USDT,31.30875000,31.31020800,BNB,0.00013970,0.11816200,Wallet,"",""
57173144,2025-09-01 05:49:38,Spot Trading,Sell,90607249,2425567319,"","","",CTSI,35.00000000,2.54997600,USDT,2.58300000,2.58312000,BNB,0.00001152,0.00974400,Wallet,"",""
57173144,2025-09-01 05:49:41,Spot Trading,Sell,57973899,2425568451,"","","",WIF,30.93000000,23.46401900,USDT,23.47587000,23.47696400,BNB,0.00010475,0.08860000,Wallet,"",""
57173144,2025-09-02 04:22:59,Spot Trading,Buy,120797654,2425668185,"","","",SUI,14.30000000,47.43428800,USDT,47.07131000,47.07118800,BNB,0.00020968,0.17860100,Wallet,"",""
57173144,2025-09-02 04:23:44,Spot Trading,Sell,90607841,2425668186,"","","",CTSI,26.00000000,2.03309600,USDT,1.92660000,1.92659500,BNB,0.00000858,0.00730800,Wallet,"",""
57173144,2025-09-02 04:25:14,Spot Trading,Sell,58219180,2425667330,"","","",WIF,23.20000000,18.99761100,USDT,17.93360000,17.93355400,BNB,0.00007995,0.06810000,Wallet,"",""
57173144,2025-09-02 04:25:15,Spot Trading,Buy,120797889,2425667792,"","","",SUI,9.10000000,30.18545600,USDT,29.97722000,29.97714200,BNB,0.00013354,0.11374600,Wallet,"",""
57173144,2025-09-02 04:25:59,Spot Trading,Sell,90607842,2425668810,"","","",CTSI,20.00000000,1.56392000,USDT,1.48200000,1.48199600,BNB,0.00000660,0.00562200,Wallet,"",""
57173144,2025-09-02 04:26:44,Spot Trading,Sell,58219366,2425666758,"","","",WIF,17.40000000,14.24820800,USDT,13.41540000,13.41536500,BNB,0.00005980,0.05093600,Wallet,"",""
57173144,2025-09-02 04:28:14,Spot Trading,Sell,90607843,2425668827,"","","",CTSI,15.00000000,1.17294000,USDT,1.11150000,1.11149700,BNB,0.00000494,0.00420800,Wallet,"",""
57173144,2025-09-02 04:28:59,Spot Trading,Sell,58219539,2425668831,"","","",WIF,13.05000000,10.68615600,USDT,10.07460000,10.07457400,BNB,0.00004490,0.03824500,Wallet,"",""
57173144,2025-09-02 04:32:55,Spot Trading,Buy,120798611,2425668862,"","","",SUI,8.30000000,27.53179000,USDT,27.31530000,27.31522900,BNB,0.00012179,0.10373800,Wallet,"",""
57173144,2025-09-02 04:32:55,Spot Trading,Buy,120798611,2425668865,"","","",SUI,2.30000000,7.62929100,USDT,7.56953000,7.56951000,BNB,0.00003375,0.02874700,Wallet,"",""
57173144,2025-09-02 04:35:12,Spot Trading,Buy,120798806,2425667855,"","","",SUI,9.90000000,32.83912300,USDT,32.56506000,32.56497600,BNB,0.00014515,0.12363500,Wallet,"",""
57173144,2025-09-02 04:35:12,Spot Trading,Buy,120798806,2425667853,"","","",SUI,0.70000000,2.32195800,USDT,2.30265000,2.30264400,BNB,0.00001026,0.00873900,Wallet,"",""
57173144,2025-09-02 04:35:55,Spot Trading,Buy,120798897,2425667858,"","","",SUI,6.20000000,20.56591500,USDT,20.41722000,20.41716700,BNB,0.00009085,0.07738400,Wallet,"",""
57173144,2025-09-02 04:35:56,Spot Trading,Sell,120798898,2425668874,"","","",SUI,12.70000000,42.12695500,USDT,41.67886000,41.67875200,BNB,0.00018567,0.15814900,Wallet,"",""
57173144,2025-09-02 04:35:57,Spot Trading,Buy,255821569,2425667864,"","","",AVAX,1.46000000,35.70108900,USDT,34.83560000,34.83551000,BNB,0.00015512,0.13212800,Wallet,"",""
57173144,2025-09-02 04:56:31,Spot Trading,Buy,255823168,2425666853,"","","",AVAX,0.32000000,7.82489600,USDT,7.64800000,7.64798000,BNB,0.00003405,0.02900300,Wallet,"",""
57173144,2025-09-02 05:09:19,Spot Trading,Sell,90607865,2425669569,"","","",CTSI,23.00000000,1.79850800,USDT,1.70430000,1.70429600,BNB,0.00000760,0.00647400,Wallet,"",""
57173144,2025-09-02 05:09:20,Spot Trading,Sell,58226098,2425670170,"","","",WIF,19.58000000,16.03332900,USDT,15.13534000,15.13530100,BNB,0.00006750,0.05749500,Wallet,"",""
57173144,2025-09-02 05:09:21,Spot Trading,Buy,255824717,2425668400,"","","",AVAX,0.69000000,16.87243200,USDT,16.49790000,16.49785700,BNB,0.00007355,0.06264800,Wallet,"",""
57173144,2025-09-02 05:10:06,Spot Trading,Sell,120802475,2425669014,"","","",SUI,19.00000000,63.02457900,USDT,62.04640000,62.04623900,BNB,0.00027635,0.23538900,Wallet,"",""
57173144,2025-09-02 05:10:07,Spot Trading,Buy,255824780,2425669016,"","","",AVAX,1.46000000,35.70108900,USDT,34.90860000,34.90851000,BNB,0.00015548,0.13243400,Wallet,"",""
57173144,2025-09-02 05:10:49,Spot Trading,Buy,255824824,2425668412,"","","",AVAX,1.11000000,27.14260900,USDT,26.54010000,26.54003100,BNB,0.00011820,0.10068000,Wallet,"",""
57173144,2025-09-02 05:11:34,Spot Trading,Sell,50642804,2425669574,"","","",APT,17.50000000,75.89621300,USDT,74.88250000,74.88230600,BNB,0.00033355,0.28411000,Wallet,"",""
57173144,2025-09-02 05:11:35,Spot Trading,Buy,255824920,2425666941,"","","",AVAX,1.46000000,35.70108900,USDT,34.93780000,34.93771000,BNB,0.00015549,0.13244300,Wallet,"",""
57173144,2025-09-02 05:12:19,Spot Trading,Buy,255824991,2425668420,"","","",AVAX,1.46000000,35.70108900,USDT,34.95240000,34.95230900,BNB,0.00015561,0.13254500,Wallet,"",""
57173144,2025-09-02 05:13:49,Spot Trading,Buy,255825076,2425667990,"","","",AVAX,0.25000000,6.11320000,USDT,5.99000000,5.98998400,BNB,0.00002665,0.02270000,Wallet,"",""
57173144,2025-09-02 05:14:34,Spot Trading,Sell,338334568,2425667993,"","","",FIL,14.75000000,33.47446600,USDT,33.67425000,33.67416300,BNB,0.00014999,0.12775800,Wallet,"",""
57173144,2025-09-02 05:14:35,Spot Trading,Buy,255825090,2425667994,"","","",AVAX,1.35000000,33.01128100,USDT,32.34600000,32.34591600,BNB,0.00014407,0.12271600,Wallet,"",""
57173144,2025-09-02 05:15:19,Spot Trading,Sell,131383110,2425668431,"","","",DOT,12.50000000,47.71251700,USDT,47.20000000,47.19987800,BNB,0.00021024,0.17907800,Wallet,"",""
57173144,2025-09-02 05:15:20,Spot Trading,Buy,255825151,2425669050,"","","",AVAX,0.93000000,22.74110400,USDT,22.30140000,22.30134200,BNB,0.00009925,0.08453900,Wallet,"",""
57173144,2025-09-02 05:15:20,Spot Trading,Buy,255825151,2425669048,"","","",AVAX,0.53000000,12.95998400,USDT,12.69880000,12.69876700,BNB,0.00005656,0.04817700,Wallet,"",""
57173144,2025-09-02 05:16:04,Spot Trading,Buy,255825246,2425668003,"","","",AVAX,0.55000000,13.44904000,USDT,13.18900000,13.18896600,BNB,0.00005874,0.05003300,Wallet,"",""
57173144,2025-09-02 05:31:27,Spot Trading,Sell,255826643,2425671153,"","","",AVAX,3.12000000,76.29273800,USDT,74.69280000,74.69260700,BNB,0.00033246,0.28318200,Wallet,"",""
57173144,2025-09-02 05:31:27,Spot Trading,Sell,255826643,2425671152,"","","",AVAX,7.37000000,180.21714000,USDT,176.36410000,176.36364300,BNB,0.00078502,0.66866200,Wallet,"",""
57173144,2025-09-02 06:20:02,Spot Trading,Buy,255833039,2425670505,"","","",AVAX,0.44000000,10.75923200,USDT,10.60400000,10.60397300,BNB,0.00004719,0.04019500,Wallet,"",""
57173144,2025-09-02 06:20:02,Spot Trading,Buy,255833039,2425670507,"","","",AVAX,0.46000000,11.24828800,USDT,11.07680000,11.07677100,BNB,0.00004934,0.04202700,Wallet,"",""
57173144,2025-09-02 06:20:02,Spot Trading,Buy,255833039,2425670506,"","","",AVAX,0.25000000,6.11320000,USDT,6.02500000,6.02498400,BNB,0.00002681,0.02283600,Wallet,"",""
57173144,2025-09-02 06:20:47,Spot Trading,Buy,255833174,2425670859,"","","",AVAX,1.45000000,35.45656100,USDT,34.93050000,34.93041000,BNB,0.00015587,0.13276700,Wallet,"",""
57173144,2025-09-02 06:21:32,Spot Trading,Buy,255833237,2425671401,"","","",AVAX,1.45000000,35.45656100,USDT,34.94500000,34.94490900,BNB,0.00015580,0.13270700,Wallet,"",""
57173144,2025-09-02 06:22:17,Spot Trading,Buy,255833265,2425673193,"","","",AVAX,1.45000000,35.45656100,USDT,34.93050000,34.93041000,BNB,0.00015587,0.13276700,Wallet,"",""
57173144,2025-09-02 06:23:02,Spot Trading,Buy,255833292,2425670530,"","","",AVAX,1.45000000,35.45656100,USDT,34.93050000,34.93041000,BNB,0.00015580,0.13270700,Wallet,"",""
57173144,2025-09-02 06:24:32,Spot Trading,Buy,255833379,2425672234,"","","",AVAX,1.45000000,35.45656100,USDT,34.94500000,34.94490900,BNB,0.00015570,0.13262200,Wallet,"",""
57173144,2025-09-02 06:25:17,Spot Trading,Buy,255833403,2425670880,"","","",AVAX,1.45000000,35.45656100,USDT,34.94500000,34.94490900,BNB,0.00015577,0.13268100,Wallet,"",""
57173144,2025-09-02 06:26:03,Spot Trading,Sell,255833416,2425672246,"","","",AVAX,1.70000000,41.56976100,USDT,40.91900000,40.91889400,BNB,0.00018240,0.15536400,Wallet,"",""
57173144,2025-09-02 06:26:03,Spot Trading,Sell,255833416,2425672245,"","","",AVAX,8.34000000,203.93635600,USDT,200.66040000,200.65988000,BNB,0.00089449,0.76190600,Wallet,"",""
57173144,2025-09-02 06:26:04,Spot Trading,Buy,255833422,2425672686,"","","",AVAX,1.45000000,35.45656100,USDT,34.93050000,34.93041000,BNB,0.00015577,0.13268100,Wallet,"",""
57173144,2025-09-02 06:26:47,Spot Trading,Buy,255833558,2425671417,"","","",AVAX,1.45000000,35.45656100,USDT,34.93050000,34.93041000,BNB,0.00015570,0.13262200,Wallet,"",""
57173144,2025-09-02 06:27:32,Spot Trading,Buy,255833580,2425670886,"","","",AVAX,1.45000000,35.45656100,USDT,34.94500000,34.94490900,BNB,0.00015588,0.13277500,Wallet,"",""
57173144,2025-09-02 06:28:57,Spot Trading,Buy,255833665,2425672700,"","","",AVAX,0.78000000,19.07318400,USDT,18.79800000,18.79795100,BNB,0.00008388,0.07144700,Wallet,"",""
57173144,2025-09-02 06:28:57,Spot Trading,Buy,255833665,2425672703,"","","",AVAX,0.67000000,16.38337600,USDT,16.14700000,16.14695800,BNB,0.00007205,0.06137100,Wallet,"",""
57173144,2025-09-02 06:53:52,Spot Trading,Buy,96317010,2425673788,"","","",MANA,92.00000000,27.59633400,USDT,27.88520000,27.88512800,BNB,0.00012407,0.10568000,Wallet,"",""
57173144,2025-09-02 06:54:07,Spot Trading,Buy,96317014,2425672891,"","","",MANA,76.00000000,22.79697100,USDT,23.02800000,23.02794000,BNB,0.00010246,0.08727300,Wallet,"",""
57173144,2025-09-02 06:54:07,Spot Trading,Buy,96317014,2425672889,"","","",MANA,16.00000000,4.79936200,USDT,4.84960000,4.84958700,BNB,0.00002156,0.01836400,Wallet,"",""
57173144,2025-09-03 00:15:17,Spot Trading,Sell,1534100354,2425733259,"","","",BTC,0.00065000,72.62008900,USDT,72.35589400,72.39718900,BNB,0.00032218,0.27554700,Wallet,"",""
57173144,2025-09-03 00:15:22,Spot Trading,Buy,184687479,2425733791,"","","",LINK,1.49000000,35.30170300,USDT,34.94050000,34.96044100,BNB,0.00015551,0.13300100,Wallet,"",""
57173144,2025-09-03 00:15:33,Spot Trading,Buy,58471233,2425731541,"","","",WIF,49.08000000,40.07469000,USDT,40.24560000,40.26856900,BNB,0.00017919,0.15325400,Wallet,"",""
57173144,2025-09-03 00:15:43,Spot Trading,Buy,44158780,2425734248,"","","",PEPE,1556690.00000000,15.38009700,USDT,15.23999510,15.24869300,BNB,0.00005914,0.05058000,Wallet,"",""
57173144,2025-09-03 00:16:06,Spot Trading,Buy,44441836,2425731546,"","","",RENDER,10.11000000,35.19055900,USDT,34.97049000,34.99044800,BNB,0.00015665,0.13397600,Wallet,"",""
57173144,2025-09-03 00:17:39,Spot Trading,Sell,255976678,2425734721,"","","",AVAX,0.71000000,17.87685100,USDT,17.38080000,17.39072000,BNB,0.00007761,0.06637700,Wallet,"",""
57173144,2025-09-03 00:17:39,Spot Trading,Sell,255976678,2425734719,"","","",AVAX,1.43000000,36.00548800,USDT,35.02070000,35.04068700,BNB,0.00015638,0.13374500,Wallet,"",""
57173144,2025-09-03 00:17:39,Spot Trading,Sell,255976678,2425734717,"","","",AVAX,4.93000000,124.13080800,USDT,120.73570000,120.80460600,BNB,0.00053917,0.46113000,Wallet,"",""
57173144,2025-09-03 00:17:40,Spot Trading,Buy,537086697,2425731980,"","","",ADA,41.80000000,34.96695100,USDT,34.98242000,35.00238500,BNB,0.00015621,0.13360000,Wallet,"",""
57173144,2025-09-03 00:19:07,Spot Trading,Buy,121011650,2425733328,"","","",SUI,5.90000000,19.97734200,USDT,19.61160000,19.62279300,BNB,0.00008754,0.07486900,Wallet,"",""
57173144,2025-09-03 00:25:52,Spot Trading,Buy,184688990,2425733428,"","","",LINK,1.49000000,35.30170300,USDT,34.98520000,35.00516700,BNB,0.00015584,0.13328400,Wallet,"",""
57173144,2025-09-03 00:26:03,Spot Trading,Buy,58474930,2425734418,"","","",WIF,34.34000000,28.03921900,USDT,28.15880000,28.17487100,BNB,0.00012576,0.10755700,Wallet,"",""
57173144,2025-09-03 00:27:22,Spot Trading,Buy,44442059,2425734036,"","","",RENDER,7.91000000,27.53287000,USDT,27.46352000,27.47919400,BNB,0.00012217,0.10448700,Wallet,"",""
57173144,2025-09-03 00:27:33,Spot Trading,Buy,44159335,2425735359,"","","",PEPE,1448113.00000000,14.30735600,USDT,14.23495079,14.24307500,BNB,0.00005502,0.04705600,Wallet,"",""
57173144,2025-09-03 00:27:33,Spot Trading,Buy,44159335,2425735364,"","","",PEPE,254539.00000000,2.51484500,USDT,2.49957298,2.50100000,BNB,0.00000967,0.00827000,Wallet,"",""
57173144,2025-09-03 00:27:33,Spot Trading,Buy,44159335,2425735369,"","","",PEPE,285323.00000000,2.81899100,USDT,2.80757832,2.80918100,BNB,0.00001083,0.00926200,Wallet,"",""
57173144,2025-09-03 00:27:33,Spot Trading,Buy,44159335,2425735361,"","","",PEPE,376735.00000000,3.72214200,USDT,3.70707240,3.70918800,BNB,0.00001430,0.01223000,Wallet,"",""
57173144,2025-09-03 00:27:33,Spot Trading,Buy,44159335,2425735363,"","","",PEPE,343330.00000000,3.39210000,USDT,3.36806730,3.36999000,BNB,0.00001304,0.01115300,Wallet,"",""
57173144,2025-09-03 00:27:33,Spot Trading,Buy,44159335,2425735366,"","","",PEPE,700726.00000000,6.92317300,USDT,6.88813658,6.89206800,BNB,0.00002661,0.02275800,Wallet,"",""
57173144,2025-09-03 00:28:10,Spot Trading,Sell,237711384,2425734516,"","","",UNI,4.43000000,42.87723200,USDT,42.40839000,42.43259300,BNB,0.00018934,0.16193500,Wallet,"",""
57173144,2025-09-03 00:28:10,Spot Trading,Sell,237711384,2425734515,"","","",UNI,7.09000000,68.62293000,USDT,67.82294000,67.86164800,BNB,0.00030282,0.25898900,Wallet,"",""
57173144,2025-09-03 00:28:11,Spot Trading,Buy,537087798,2425736958,"","","",ADA,41.70000000,34.88329800,USDT,34.96545000,34.98540500,BNB,0.00015607,0.13348000,Wallet,"",""
57173144,2025-09-03 00:29:57,Spot Trading,Buy,276263706,2425735440,"","","",BCH,0.04100000,24.74349400,USDT,23.96860000,23.98227900,BNB,0.00010670,0.09125600,Wallet,"",""
57173144,2025-09-03 00:41:22,Spot Trading,Buy,44442341,2425736859,"","","",RENDER,6.31000000,21.96364300,USDT,21.90832000,21.92082400,BNB,0.00009777,0.08361900,Wallet,"",""
57173144,2025-09-03 00:42:21,Spot Trading,Buy,44160297,2425738497,"","","",PEPE,2325865.00000000,22.97954600,USDT,22.81673565,22.82975800,BNB,0.00008837,0.07557900,Wallet,"",""
57173144,2025-09-03 00:42:26,Spot Trading,Sell,44442374,2425736868,"","","",RENDER,17.03000000,59.27747000,USDT,58.80459000,58.83815100,BNB,0.00026172,0.22383800,Wallet,"",""
57173144,2025-09-03 00:55:39,Spot Trading,Buy,156560393,2425739880,"","","",NEAR,14.30000000,35.31590800,USDT,34.97780000,34.99776300,BNB,0.00015569,0.13315500,Wallet,"",""
57173144,2025-09-03 00:56:41,Spot Trading,Buy,156560423,2425738133,"","","",NEAR,12.50000000,30.87054900,USDT,30.57500000,30.59245000,BNB,0.00013609,0.11639200,Wallet,"",""
57173144,2025-09-03 00:57:42,Spot Trading,Sell,58482938,2425739885,"","","",WIF,72.10000000,58.87092800,USDT,58.54520000,58.57861300,BNB,0.00026059,0.22287200,Wallet,"",""
57173144,2025-09-03 08:20:08,Convert,Convert,2080066465477748395,3642194,"","","",CTSI,23.00000000,1.74773200,USDT,1.67730716,1.67826400,USDT,0.08827933,0.08833000,Wallet,"",""
57173144,2025-09-03 08:20:37,Convert,Convert,2080066714585849431,3642195,"","","",AAVE,0.07370400,24.19127500,USDT,22.07313611,22.08573400,USDT,1.24941761,1.25013100,Wallet,"",""
57173144,2025-09-03 08:55:59,Spot Trading,Buy,276334405,2425757035,"","","",BCH,0.05800000,35.00299100,USDT,34.82900000,34.84887800,BNB,0.00015376,0.13150500,Wallet,"",""
57173144,2025-09-03 09:06:29,Spot Trading,Buy,276335535,2425757578,"","","",BCH,0.04100000,24.74349400,USDT,24.56720000,24.58122100,BNB,0.00010982,0.09392500,Wallet,"",""
57173144,2025-09-03 21:00:54,Spot Trading,Buy,131448742,2425801483,"","","",DOT,1.18000000,4.55998000,USDT,4.62560000,4.62824000,BNB,0.00002057,0.01759300,Wallet,"",""
57173144,2025-09-03 21:00:54,Spot Trading,Buy,131448742,2425801480,"","","",DOT,4.80000000,18.54907000,USDT,18.81600000,18.82673900,BNB,0.00008373,0.07161100,Wallet,"",""
57173144,2025-09-03 21:01:42,Spot Trading,Sell,121145527,2425802942,"","","",SUI,17.50000000,59.25482800,USDT,59.34075000,59.37461700,BNB,0.00026435,0.22608800,Wallet,"",""
57173144,2025-09-03 21:01:43,Spot Trading,Buy,699702440,2425801485,"","","",DOGE,84.00000000,18.52705800,USDT,18.64212000,18.65275900,BNB,0.00008280,0.07081500,Wallet,"",""
57173144,2025-09-03 23:12:26,Convert,Convert,2080526353395936284,3643391,"","","",DOGE,84.00000000,18.52705800,USDT,17.52062466,17.53062400,USDT,1.00342998,1.00400300,Wallet,"",""
57173144,2025-09-03 23:12:46,Convert,Convert,2080526525194626694,3643392,"","","",SUI,7.50000000,25.39492600,USDT,23.98831818,24.00200900,USDT,1.38172385,1.38251200,Wallet,"",""
57173144,2025-09-03 23:13:35,Convert,Convert,2080526946101421739,3643396,"","","",ADA,83.50000000,69.85025000,USDT,66.03866242,66.07635200,USDT,3.80287769,3.80504800,Wallet,"",""
57173144,2025-09-03 23:14:16,Convert,Convert,2080527298288741404,3643397,"","","",USDT,120.00000000,120.06848600,USD,116.32000000,116.32000000,USD,3.56414240,3.56414200,Wallet,"",""
57173144,2025-09-04 04:38:20,Convert,Convert,2080694320976943680,3643841,"","","",DOT,6.00000000,22.60009600,USDT,21.58572900,21.59234000,USDT,1.24973100,1.25011400,Wallet,"",""
57173144,2025-09-04 12:45:53,Spot Trading,Buy,47123166,2425994204,"","","",THETA,63.40000000,48.30718400,USDT,48.43760000,48.45243400,BNB,0.00021774,0.18373000,Wallet,"",""
57173144,2025-09-05 05:14:00,Withdrawal,USD Withdrawal,855fa741acec49d98ad2e06e1b81489c,2425799608,USD,100.00000000,100.00000000,"","","","","","",USD,0E-8,0E-8,Wallet,ACH,""
57173144,2025-09-05 05:24:19,Convert,Convert,2081460190955232855,3645355,"","","",USD,16.32000000,16.32000000,USDT,15.84590671,15.84511700,USDT,0.47483816,0.47481400,Wallet,"",""
57173144,2025-09-05 19:55:35,Spot Trading,Buy,121492031,2426138834,"","","",SUI,3.70000000,12.48684600,USDT,12.61663000,12.61600100,BNB,0.00005636,0.04790500,Wallet,"",""
57173144,2025-09-05 19:55:35,Spot Trading,Buy,121492031,2426138836,"","","",SUI,1.40000000,4.72475200,USDT,4.77960000,4.77936200,BNB,0.00002131,0.01811300,Wallet,"",""
57173144,2025-09-05 19:57:54,Spot Trading,Sell,276748656,2426140074,"","","",BCH,0.09800000,59.46364400,USDT,59.57420000,59.57123100,BNB,0.00026635,0.22639200,Wallet,"",""
57173144,2025-09-05 19:57:54,Spot Trading,Buy,121492259,2426136711,"","","",SUI,1.70000000,5.73719900,USDT,5.80363000,5.80334100,BNB,0.00002594,0.02204800,Wallet,"",""
57173144,2025-09-05 19:57:54,Spot Trading,Buy,121492259,2426136710,"","","",SUI,8.50000000,28.68599600,USDT,29.01815000,29.01670400,BNB,0.00012974,0.11027600,Wallet,"",""
57173144,2025-09-05 20:03:16,Spot Trading,Buy,121493405,2426141514,"","","",SUI,7.10000000,23.96124400,USDT,24.30685000,24.30563900,BNB,0.00010846,0.09218900,Wallet,"",""
57173144,2025-09-05 20:04:03,Spot Trading,Sell,121493503,2426138370,"","","",SUI,15.60000000,52.64724100,USDT,53.20536000,53.20270800,BNB,0.00023787,0.20218500,Wallet,"",""
57173144,2025-09-05 20:04:04,Spot Trading,Buy,82732296,2426141529,"","","",BONK,339065.00000000,6.85250400,USDT,6.87962885,6.87928600,BNB,0.00002576,0.02189500,Wallet,"",""
57173144,2025-09-05 20:04:04,Spot Trading,Buy,82732296,2426141526,"","","",BONK,1056941.00000000,21.36077800,USDT,21.52988817,21.52881500,BNB,0.00008032,0.06827000,Wallet,"",""
57173144,2025-09-05 20:04:04,Spot Trading,Buy,82732296,2426141524,"","","",BONK,328981.00000000,6.64870600,USDT,6.67831430,6.67798100,BNB,0.00002499,0.02124100,Wallet,"",""
57173144,2025-09-05 20:13:46,Spot Trading,Buy,121494661,2426140230,"","","",SUI,5.40000000,18.22404500,USDT,18.48690000,18.48597900,BNB,0.00008222,0.06988500,Wallet,"",""
57173144,2025-09-05 20:17:38,Spot Trading,Sell,256484338,2426139854,"","","",AVAX,2.12000000,51.89459600,USDT,51.70680000,51.70422300,BNB,0.00023081,0.19618400,Wallet,"",""
57173144,2025-09-05 20:17:39,Spot Trading,Buy,121494907,2426141085,"","","",SUI,10.20000000,34.42319600,USDT,34.91970000,34.91796000,BNB,0.00015587,0.13248600,Wallet,"",""
57173144,2025-09-05 21:14:01,Spot Trading,Buy,44538534,2426142351,"","","",RENDER,4.90000000,16.95368800,USDT,17.08140000,17.08054900,BNB,0.00007617,0.06474300,Wallet,"",""
57173144,2025-09-05 21:14:16,Spot Trading,Sell,121499354,2426143285,"","","",SUI,15.60000000,52.64724100,USDT,53.05872000,53.05607600,BNB,0.00023681,0.20128400,Wallet,"",""
57173144,2025-09-05 21:14:17,Spot Trading,Buy,82735235,2426144887,"","","",BONK,1723289.00000000,34.82767100,USDT,35.05169826,35.04995100,BNB,0.00013096,0.11131300,Wallet,"",""
57173144,2025-09-05 21:14:47,Spot Trading,Buy,121499404,2426142357,"","","",SUI,5.20000000,17.54908000,USDT,17.77100000,17.77011400,BNB,0.00007894,0.06709700,Wallet,"",""
57173144,2025-09-05 21:26:49,Spot Trading,Sell,50654872,2426147102,"","","",APT,7.42000000,31.54042700,USDT,31.15658000,31.15502700,BNB,0.00013892,0.11807900,Wallet,"",""
57173144,2025-09-05 21:26:49,Spot Trading,Sell,50654872,2426147104,"","","",APT,4.83000000,20.53103300,USDT,20.28117000,20.28015900,BNB,0.00009043,0.07686400,Wallet,"",""
57173144,2025-09-05 21:26:50,Spot Trading,Buy,44538979,2426145206,"","","",RENDER,8.62000000,29.82465200,USDT,30.01484000,30.01334400,BNB,0.00013398,0.11388000,Wallet,"",""
57173144,2025-09-06 09:09:48,Spot Trading,Buy,185296538,2426170976,"","","",LINK,1.01000000,22.42730900,USDT,22.39170000,22.39666600,BNB,0.00009959,0.08582400,Wallet,"",""
57173144,2025-09-06 12:24:06,Spot Trading,Sell,185308909,2426174921,"","","",LINK,1.12000000,24.86988800,USDT,24.95360000,24.95913400,BNB,0.00010996,0.09476000,Wallet,"",""
57173144,2025-09-06 12:26:30,Spot Trading,Sell,44556486,2426174930,"","","",RENDER,20.82000000,71.06254900,USDT,71.05866000,71.07441900,BNB,0.00031249,0.26929500,Wallet,"",""
57173144,2025-09-07 19:02:04,Spot Trading,Sell,256671192,2426256847,"","","",AVAX,0.41000000,10.12394500,USDT,9.97940000,9.98033200,BNB,0.00002714,0.02390000,Wallet,"",""
57173144,2025-09-07 19:02:43,Spot Trading,Sell,256671192,2426258007,"","","",AVAX,0.51000000,12.59320000,USDT,12.41340000,12.41456000,BNB,0.00003376,0.02972900,Wallet,"",""
57173144,2025-09-07 19:56:58,Spot Trading,Sell,131590918,2426258891,"","","",DOT,12.48000000,49.85594100,USDT,49.69536000,49.70000300,BNB,0.00021620,0.19038900,Wallet,"",""
57173144,2025-09-07 21:18:42,Convert,Convert,2083436417077274283,3648558,"","","",NEAR,26.80000000,66.06287600,USDT,61.33173866,61.33746800,USDT,4.62574134,4.62617300,Wallet,"",""
57173144,2025-09-07 21:20:19,Convert,Convert,2083437250300932079,3648559,"","","",THETA,63.40000000,49.85739400,USDT,46.00150511,46.00580300,USDT,3.37458290,3.37489800,Wallet,"",""
57173144,2025-09-07 21:21:04,Convert,Convert,2083437636847984215,3648561,"","","",UNI,4.94000000,46.41059200,USDT,42.86029285,42.86429700,USDT,3.14170360,3.14199700,Wallet,"",""
57173144,2025-09-07 21:26:42,Spot Trading,Sell,344715247,2426259750,"","","",FIL,14.75000000,35.32761900,USDT,35.07550000,35.07877700,BNB,0.00015269,0.13446100,Wallet,"",""
57173144,2025-09-07 21:30:20,Spot Trading,Sell,121714675,2426259216,"","","",SUI,12.00000000,40.77371300,USDT,40.65000000,40.65379800,BNB,0.00011062,0.09741300,Wallet,"",""
57173144,2025-09-08 02:26:48,Convert,Convert,"",2426275066,"","","",BNB,0.02001771,17.58107370,USDT,17.59396567,17.59231200,USDT,0.87969829,0.87961560,Wallet,"",""
57173144,2025-09-08 02:26:48,Convert,Convert,"",2426275067,"","","",FIL,0.00152000,0.00370880,USDT,0.00361456,0.00361420,USDT,0.00018073,0.00018070,Wallet,"",""
57173144,2025-09-08 02:37:13,Spot Trading,Sell,50658539,2426278998,"","","",APT,5.25000000,23.12754900,USDT,22.49100000,22.48888600,USDT,0.05622750,0.05622200,Wallet,"",""
57173144,2025-09-08 09:28:41,Spot Trading,Sell,96359403,2426295392,"","","",MANA,76.00000000,24.79982600,USDT,25.07240000,25.07004300,USDT,0.06268100,0.06267500,Wallet,"",""
57173144,2025-09-08 09:35:45,Spot Trading,Sell,96359403,2426296346,"","","",MANA,108.00000000,35.24185800,USDT,35.62920000,35.62585100,USDT,0.08907300,0.08906500,Wallet,"",""
57173144,2025-09-09 01:30:04,Spot Trading,Buy,82959867,2426366949,"","","",BONK,2620087.00000000,59.55457800,USDT,59.99999230,60.00390100,BONK,6550.22000000,0.14888700,Wallet,"",""
57173144,2025-09-09 01:30:45,Spot Trading,Sell,82960005,2426368273,"","","",BONK,4546359.00000000,103.33874000,USDT,103.83883956,103.84560400,USDT,0.41535536,0.41538200,Wallet,"",""
57173144,2025-09-09 14:31:09,Spot Trading,Sell,83023661,2426421738,"","","",BONK,1515453.00000000,34.44624700,USDT,34.76449182,34.76675600,USDT,0.13905797,0.13906700,Wallet,"",""
57173144,2025-09-09 14:32:44,Spot Trading,Sell,277189758,2426423036,"","","",BCH,0.04200000,24.40918200,USDT,24.48600000,24.48759500,USDT,0.09794400,0.09795000,Wallet,"",""
57173144,2025-09-09 14:36:22,Spot Trading,Sell,257057167,2426428345,"","","",XRP,31.80000000,93.70233500,USDT,93.95946000,93.96558100,USDT,0.37583784,0.37586200,Wallet,"",""
57173144,2025-09-09 14:41:31,Convert,Convert,"",2426419003,"","","",BONK,0.78000000,0.00001770,USDT,0.00001773,0.00001770,USDT,8.9E-7,9.0E-7,Wallet,"",""
57173144,2025-09-09 22:06:56,Spot Trading,Buy,76828543,2426454610,"","","",QNT,0.39600000,38.57020600,USDT,38.82780000,38.83032900,QNT,0.00099000,0.09642600,Wallet,"",""
57173144,2025-09-09 22:07:06,Spot Trading,Buy,76828543,2426453491,"","","",QNT,0.15800000,15.38912300,USDT,15.49190000,15.49290900,QNT,0.00039500,0.03847300,Wallet,"",""
57173144,2025-09-09 22:07:15,Spot Trading,Buy,76828543,2426455236,"","","",QNT,0.06300000,6.13616900,USDT,6.17715000,6.17755200,QNT,0.00015750,0.01534000,Wallet,"",""
57173144,2025-09-09 22:07:25,Spot Trading,Buy,76828543,2426455239,"","","",QNT,0.02500000,2.43498800,USDT,2.45125000,2.45141000,QNT,0.00006250,0.00608700,Wallet,"",""
57173144,2025-09-09 23:36:01,Withdrawal,Crypto Withdrawal,2426455987,2426455987,ETH,0.10285114,443.18983800,"","","","","","",ETH,0.00356451,15.35962200,Wallet,Wallet,""
57173144,2025-09-10 00:00:02,Withdrawal,Crypto Withdrawal,2426460026,2426460026,SOL,0.61331045,137.38963700,"","","","","","",SOL,0.01218555,2.72972400,Wallet,Wallet,""
57173144,2025-09-10 00:22:08,Spot Trading,Buy,76828543,2426462131,"","","",QNT,0.67300000,67.66167400,USDT,65.98765000,65.99677900,QNT,0.00168250,0.16915400,Wallet,"",""
57173144,2025-09-10 01:19:41,Spot Trading,Sell,79960295,2426465747,"","","",USDT,350.00000000,350.04842300,USD,349.65000000,349.65000000,USD,1.39860000,1.39860000,Wallet,"",""
57173144,2025-09-10 02:13:01,Spot Trading,Buy,60145391,2426472088,"","","",WIF,45.10000000,40.36165300,USDT,39.91350000,39.91902200,WIF,0.11275000,0.10090400,Wallet,"",""
57173144,2025-09-11 05:17:58,Withdrawal,USD Withdrawal,46540e6677e9437aa6edf03b5c0d25ab,2426443483,USD,348.25000000,348.25000000,"","","","","","",USD,0E-8,0E-8,Wallet,ACH,""
57173144,2025-09-11 13:49:24,Spot Trading,Buy,715671563,2426769043,"","","",SOL,0.31200000,71.37193000,USDT,71.04240000,71.06128200,SOL,0.00124800,0.28548800,Wallet,"",""
57173144,2025-09-11 13:51:34,Spot Trading,Sell,715672329,2426767229,"","","",SOL,0.31000000,70.91441800,USDT,70.52810000,70.54684600,USDT,0.28211240,0.28218700,Wallet,"",""
57173144,2025-09-11 13:54:44,Spot Trading,Buy,715672937,2426769085,"","","",SOL,0.74800000,171.10962700,USDT,170.20740000,170.25263900,SOL,0.00187000,0.42777400,Wallet,"",""
57173144,2025-09-12 21:43:08,Spot Trading,Sell,715991164,2426927888,"","","",SOL,0.37000000,89.65221600,USDT,88.54840000,88.60312200,USDT,0.22137100,0.22150800,Wallet,"",""
57173144,2025-09-12 21:47:50,Spot Trading,Sell,715991164,2426930278,"","","",SOL,0.00300000,0.72691000,USDT,0.71796000,0.71840400,USDT,0.00179490,0.00179600,Wallet,"",""
57173144,2025-09-12 21:54:33,Spot Trading,Buy,1292937359,2426928965,"","","",ETH,0.01920000,90.53272900,USDT,89.06880000,89.12384400,ETH,0.00004800,0.22633200,Wallet,"",""
57173144,2025-09-12 23:24:53,Spot Trading,Sell,186473374,2426938606,"","","",LINK,2.87000000,72.14098200,USDT,72.00830000,72.05280000,USDT,0.28803320,0.28821100,Wallet,"",""
57173144,2025-09-12 23:24:54,Spot Trading,Sell,45015784,2426940232,"","","",PEPE,7291321.00000000,84.14184400,USDT,84.28767076,84.33976000,USDT,0.33715068,0.33735900,Wallet,"",""
57173144,2025-09-12 23:28:07,Spot Trading,Buy,716009413,2426939767,"","","",SOL,0.24100000,58.39509200,USDT,58.22560000,58.26158300,SOL,0.00096400,0.23358000,Wallet,"",""
57173144,2025-09-12 23:28:09,Spot Trading,Sell,60717647,2426939174,"","","",WIF,75.89000000,72.18357100,USDT,71.71605000,71.76037000,USDT,0.28686420,0.28704100,Wallet,"",""
57173144,2025-09-12 23:28:10,Spot Trading,Sell,5761750,2426940670,"","","",HYPE,0.45200000,24.97126600,USDT,25.33912000,25.35477900,USDT,0.10135648,0.10141900,Wallet,"",""
57173144,2025-09-12 23:28:10,Spot Trading,Sell,5761750,2426940672,"","","",HYPE,0.27100000,14.97171100,USDT,15.34131000,15.35079100,USDT,0.06136524,0.06140300,Wallet,"",""
57173144,2025-09-12 23:28:10,Spot Trading,Sell,5761750,2426940671,"","","",HYPE,0.27300000,15.08220300,USDT,15.37809000,15.38759400,USDT,0.06151236,0.06155000,Wallet,"",""
57173144,2025-09-12 23:41:24,Spot Trading,Buy,1292964150,2426940778,"","","",ETH,0.03190000,150.41635700,USDT,149.85918200,149.95179300,ETH,0.00012760,0.60166500,Wallet,"",""
57173144,2025-09-12 23:54:56,Spot Trading,Buy,1541399424,2426942402,"","","",BTC,0.00041000,47.60164800,USDT,47.63633790,47.66577700,BTC,0.00000164,0.19040700,Wallet,"",""
57173144,2025-09-12 23:54:56,Spot Trading,Buy,1541399424,2426942403,"","","",BTC,0.00002000,2.32203200,USDT,2.32372360,2.32516000,BTC,8E-8,0.00928800,Wallet,"",""
57173144,2025-09-13 05:39:45,Convert,Convert,"",2426975207,"","","",HYPE,0.00014075,0.00767420,USDT,0.00809031,0.00809290,USDT,0.00040452,0.00040460,Wallet,"",""
57173144,2025-09-13 05:39:45,Convert,Convert,"",2426975208,"","","",WIF,0.00725000,0.00708100,USDT,0.00689475,0.00689690,USDT,0.00034474,0.00034480,Wallet,"",""
57173144,2025-09-13 05:39:45,Convert,Convert,"",2426975209,"","","",USD,0.00140000,0.00140000,USDT,0.00140042,0.00140090,USDT,0.00007003,0.00007010,Wallet,"",""
57173144,2025-09-13 08:28:20,Deposit,Crypto Deposit,2426975972,2426975972,XRP,100.00000000,312.14672000,"","","","","","","","","",Wallet,"",""
57173144,2025-09-13 08:39:35,Spot Trading,Sell,258038170,2426981532,"","","",XRP,100.00000000,312.14672000,USDT,312.63000000,312.72958200,USDT,1.25052000,1.25091800,Wallet,"",""
57173144,2025-09-13 08:39:40,Spot Trading,Buy,701812555,2426980470,"","","",DOGE,263.00000000,76.12912400,USDT,74.92607000,74.94993600,DOGE,1.05200000,0.30451600,Wallet,"",""
57173144,2025-09-13 08:39:44,Spot Trading,Buy,123023991,2426982071,"","","",SUI,17.20000000,65.61950100,USDT,64.92828000,64.94896200,SUI,0.06880000,0.26247800,Wallet,"",""
57173144,2025-09-13 08:39:47,Spot Trading,Buy,538536800,2426980934,"","","",ADA,53.60000000,49.83956800,USDT,49.97128000,49.98719700,ADA,0.21440000,0.19935800,Wallet,"",""
57173144,2025-09-13 08:39:50,Spot Trading,Buy,83422333,2426980475,"","","",BONK,1292564.00000000,33.71006900,USDT,33.86517680,33.87596400,BONK,5170.26000000,0.13484000,Wallet,"",""
57173144,2025-09-13 08:39:50,Spot Trading,Buy,83422333,2426980473,"","","",BONK,425480.00000000,11.09651800,USDT,11.13481160,11.13835800,BONK,1701.92000000,0.04438600,Wallet,"",""
57173144,2025-09-13 13:50:59,Spot Trading,Buy,716011837,2427010471,"","","",SOL,0.10100000,24.50218700,USDT,24.22788000,24.23559700,SOL,0.00025250,0.06125500,Wallet,"",""
57173144,2025-09-13 15:41:06,Spot Trading,Buy,44816439,2427022864,"","","",RENDER,17.03000000,69.11225400,USDT,68.86932000,68.89125700,RENDER,0.04257500,0.17278100,Wallet,"",""
57173144,2025-09-13 16:49:00,Spot Trading,Sell,1293179024,2427027597,"","","",ETH,0.01910000,89.16223400,USDT,88.33750000,88.36563800,USDT,0.22084375,0.22091400,Wallet,"",""
57173144,2025-09-13 16:55:44,Spot Trading,Buy,1293191250,2427029364,"","","",ETH,0.02080000,97.09814000,USDT,96.34372800,96.37441600,ETH,0.00008320,0.38839300,Wallet,"",""
57173144,2025-09-13 17:22:25,Spot Trading,Sell,702090945,2427032855,"","","",DOGE,65.00000000,18.81518300,USDT,18.60040000,18.60632500,USDT,0.04650100,0.04651600,Wallet,"",""
57173144,2025-09-13 17:31:05,Spot Trading,Sell,1541842307,2427034450,"","","",BTC,0.00029000,33.62564600,USDT,33.48134390,33.49200900,USDT,0.08370336,0.08373000,Wallet,"",""
57173144,2025-09-13 17:31:15,Spot Trading,Sell,1293194263,2427034458,"","","",ETH,0.02070000,96.63132200,USDT,95.73170400,95.76219700,USDT,0.23932926,0.23940500,Wallet,"",""
57173144,2025-09-13 17:38:47,Spot Trading,Buy,123184215,2427035879,"","","",SUI,15.90000000,60.65988700,USDT,59.88735000,59.90642600,SUI,0.06360000,0.24264000,Wallet,"",""
57173144,2025-09-13 17:42:14,Spot Trading,Sell,123184797,2427036821,"","","",SUI,23.50000000,89.65455000,USDT,88.29420000,88.32232400,USDT,0.35317680,0.35328900,Wallet,"",""
57173144,2025-09-13 17:42:14,Spot Trading,Sell,123184797,2427036822,"","","",SUI,1.20000000,4.57810500,USDT,4.50852000,4.50995600,USDT,0.01803408,0.01804000,Wallet,"",""
57173144,2025-09-13 18:03:29,Spot Trading,Buy,1293211458,2427036081,"","","",ETH,0.03880000,181.12537600,USDT,179.86283200,179.92012400,ETH,0.00015520,0.72450200,Wallet,"",""
57173144,2025-09-13 23:16:50,Spot Trading,Sell,1542034244,2427053267,"","","",BTC,0.00012000,13.91406100,USDT,13.90210080,13.90652900,USDT,0.03475525,0.03476600,Wallet,"",""
57173144,2025-09-13 23:27:42,Spot Trading,Sell,83518265,2427052660,"","","",BONK,1711171.00000000,44.62734000,USDT,44.50755771,44.52173500,USDT,0.17803023,0.17808700,Wallet,"",""
57173144,2025-09-13 23:35:50,Spot Trading,Sell,716166726,2427053383,"","","",SOL,0.02500000,6.06489800,USDT,6.04900000,6.05092700,USDT,0.02419600,0.02420400,Wallet,"",""
57173144,2025-09-13 23:35:50,Spot Trading,Sell,716166726,2427053380,"","","",SOL,0.14000000,33.96342700,USDT,33.86600000,33.87678700,USDT,0.13546400,0.13550700,Wallet,"",""
57173144,2025-09-13 23:36:39,Convert,Convert,"",2427050140,"","","",RENDER,0.00742500,0.03013260,USDT,0.03013065,0.03014020,USDT,0.00150654,0.00150700,Wallet,"",""
57173144,2025-09-13 23:36:39,Convert,Convert,"",2427050139,"","","",BONK,0.82000000,0.00002140,USDT,0.00002132,0.00002130,USDT,0.00000107,0.00000110,Wallet,"",""
57173144,2025-09-14 01:47:48,Spot Trading,Sell,44824646,2427067728,"","","",RENDER,16.94000000,66.10559600,USDT,67.98022000,68.01612600,USDT,0.16995055,0.17004000,Wallet,"",""
57173144,2025-09-14 01:52:10,Spot Trading,Sell,44824646,2427069379,"","","",RENDER,0.04000000,0.15609300,USDT,0.16052000,0.16060500,USDT,0.00040130,0.00040200,Wallet,"",""
57173144,2025-09-14 01:57:28,Spot Trading,Sell,702106543,2427067982,"","","",DOGE,98.00000000,27.30185900,USDT,28.28084000,28.29577800,USDT,0.07070210,0.07073900,Wallet,"",""
57173144,2025-09-14 11:20:37,Spot Trading,Buy,61170034,2427096540,"","","",WIF,46.88000000,43.58644400,USDT,44.86416000,44.88785700,WIF,0.18752000,0.17434600,Wallet,"",""
57173144,2025-09-14 11:20:37,Spot Trading,Buy,61170034,2427096541,"","","",WIF,135.84000000,126.29655500,USDT,130.13472000,130.20345600,WIF,0.54336000,0.50518600,Wallet,"",""
57173144,2025-09-15 02:19:07,Spot Trading,Sell,1293664640,2427150895,"","","",ETH,0.05280000,239.01610900,USDT,243.75912000,243.83965100,USDT,0.97503648,0.97535900,Wallet,"",""
57173144,2025-09-15 02:20:01,Spot Trading,Sell,702655220,2427151870,"","","",DOGE,74.00000000,19.87858800,USDT,20.74960000,20.75645500,USDT,0.05187400,0.05189100,Wallet,"",""
57173144,2025-09-15 06:22:19,Convert,Convert,"",2427157857,"","","",DOGE,24.94800000,6.70177050,USDT,6.96173940,6.96403930,USDT,0.34808697,0.34820200,Wallet,"",""
57173144,2025-09-16 04:30:02,Spot Trading,Sell,1294019063,2427245204,"","","",ETH,0.01760000,79.26273700,USDT,79.40891200,79.44257900,USDT,0.19852228,0.19860600,Wallet,"",""
57173144,2025-09-16 15:58:12,Convert,Convert,2089950765773802068,3662154,"","","",USDT,100.00000000,100.04239700,ETH,0.02132491,96.03811000,ETH,0.00103594,4.66542300,Wallet,"",""
57173144,2025-09-16 15:58:51,Convert,Convert,2089951100781257394,3662155,"","","",ADA,53.38560000,47.01619000,ETH,0.00982699,44.25648400,ETH,0.00055438,2.49668600,Wallet,"",""
57173144,2025-09-16 15:59:42,Convert,Convert,2089951547457849502,3662157,"","","",SUI,8.26760000,29.77437400,USDT,28.13694201,28.14887100,USDT,1.59739235,1.59807000,Wallet,"",""
57173144,2025-09-16 18:51:34,Spot Trading,Sell,61457205,2427293026,"","","",WIF,91.40000000,87.91649500,USDT,84.63640000,84.67228300,USDT,0.21159100,0.21168100,Wallet,"",""
57173144,2025-09-17 00:06:29,Spot Trading,Sell,1294414022,2427308950,"","","",ETH,0.00550000,25.26003400,USDT,24.74956000,24.76070100,USDT,0.09899824,0.09904300,Wallet,"",""
57173144,2025-09-17 00:06:29,Spot Trading,Sell,1294414022,2427308951,"","","",ETH,0.00700000,32.14913400,USDT,31.49944000,31.51361900,USDT,0.12599776,0.12605400,Wallet,"",""
57173144,2025-09-17 00:09:44,Spot Trading,Buy,1544673715,2427308429,"","","",BTC,0.00059000,68.71641900,USDT,68.95045030,68.98148800,BTC,0.00000236,0.27486600,Wallet,"",""
57173144,2025-09-17 00:10:07,Spot Trading,Buy,1294414733,2427310467,"","","",ETH,0.01550000,71.18736700,USDT,69.76968500,69.80109200,ETH,0.00006200,0.28474900,Wallet,"",""
57173144,2025-09-17 00:11:03,Spot Trading,Buy,61886710,2427309980,"","","",WIF,36.10000000,34.69947200,USDT,34.76430000,34.77994900,WIF,0.14440000,0.13879800,Wallet,"",""
57173144,2025-09-17 00:11:36,Spot Trading,Buy,716938728,2427307585,"","","",SOL,0.29600000,72.47780500,USDT,69.97144000,70.00293800,SOL,0.00118400,0.28991100,Wallet,"",""
57173144,2025-09-17 00:12:04,Spot Trading,Buy,76858107,2427309554,"","","",QNT,0.57400000,58.68675000,USDT,59.91412000,59.94109000,QNT,0.00143500,0.14671700,Wallet,"",""
57173144,2025-09-17 03:53:37,Spot Trading,Buy,61942227,2427329676,"","","",WIF,63.20000000,60.74810500,USDT,59.78720000,59.81411300,WIF,0.25280000,0.24299200,Wallet,"",""
57173144,2025-09-17 23:24:06,Spot Trading,Sell,62293555,2427454122,"","","",WIF,47.00000000,45.17659700,USDT,44.97900000,44.99924700,USDT,0.17991600,0.17999700,Wallet,"",""
57173144,2025-09-17 23:41:25,Spot Trading,Buy,1545337351,2427454928,"","","",BTC,0.00031000,36.10523700,USDT,36.13817250,36.15444000,BTC,0.00000124,0.14442100,Wallet,"",""
57173144,2025-09-17 23:41:25,Spot Trading,Buy,1545337351,2427454929,"","","",BTC,0.00020000,23.29370100,USDT,23.31495000,23.32544500,BTC,8.0E-7,0.09317500,Wallet,"",""
57173144,2025-09-17 23:43:23,Spot Trading,Buy,259349619,2427456380,"","","",XRP,19.30000000,59.54034300,USDT,59.30504000,59.33173600,XRP,0.07720000,0.23816100,Wallet,"",""
57173144,2025-09-18 01:13:48,Convert,Convert,2090979290182112437,3664589,"","","",BTC,0.00038578,45.18919000,XRP,13.76782450,42.35353600,XRP,0.79788450,2.45450800,Wallet,"",""
57173144,2025-09-18 01:15:31,Convert,Convert,2090980166355445383,3664595,"","","",BTC,0.00025802,30.22374100,ETH,0.00618114,28.37093200,ETH,0.00034667,1.59118700,Wallet,"",""
57173144,2025-09-18 01:21:00,Spot Trading,Buy,94598255,2427532529,"","","",SOL,0.10000000,24.76371400,BTC,0.00021132,24.75343400,SOL,0.00040000,0.09905500,Wallet,"",""
57173144,2025-09-18 15:56:33,Spot Trading,Sell,717346777,2427698160,"","","",SOL,0.01400000,3.46692000,USDT,3.47634000,3.47678100,USDT,0.00869085,0.00869200,Wallet,"",""
57173144,2025-09-18 15:56:41,Spot Trading,Sell,76862340,2427695962,"","","",QNT,0.18900000,19.02066900,USDT,19.14192000,19.14434800,USDT,0.07656768,0.07657700,Wallet,"",""
57173144,2025-09-18 15:56:41,Spot Trading,Sell,76862340,2427695963,"","","",QNT,0.04600000,4.62936900,USDT,4.65888000,4.65947100,USDT,0.01863552,0.01863800,Wallet,"",""
57173144,2025-09-18 15:58:47,Spot Trading,Sell,717346777,2427696489,"","","",SOL,0.25700000,63.64274400,USDT,63.81567000,63.82376500,USDT,0.15953918,0.15955900,Wallet,"",""
57173144,2025-09-18 16:20:37,Spot Trading,Sell,1295140289,2427697282,"","","",ETH,0.00800000,36.71935200,USDT,36.87176000,36.87643700,USDT,0.09217940,0.09219100,Wallet,"",""
57173144,2025-09-18 16:22:19,Spot Trading,Sell,1295132886,2427700742,"","","",ETH,0.00110000,5.04891100,USDT,5.07365100,5.07429500,USDT,0.01268413,0.01268600,Wallet,"",""
57173144,2025-09-18 16:23:01,Spot Trading,Sell,76862366,2427700764,"","","",QNT,0.18100000,18.21556200,USDT,18.33168000,18.33400500,USDT,0.07332672,0.07333600,Wallet,"",""
57173144,2025-09-18 16:23:42,Spot Trading,Sell,1295132886,2427701734,"","","",ETH,0.00300000,13.76975700,USDT,13.83723000,13.83898500,USDT,0.03459308,0.03459700,Wallet,"",""
57173144,2025-09-18 16:24:45,Spot Trading,Buy,1545766102,2427699751,"","","",BTC,0.00023000,26.94155700,USDT,27.06866320,27.07209700,BTC,9.2E-7,0.10776600,Wallet,"",""
57173144,2025-09-18 16:25:37,Spot Trading,Buy,259530654,2427701218,"","","",XRP,14.70000000,45.22115900,USDT,45.76404000,45.76984500,XRP,0.03675000,0.11305300,Wallet,"",""
57173144,2025-09-18 16:46:40,Spot Trading,Sell,717350152,2427701508,"","","",SOL,0.07500000,18.57278500,USDT,18.66825000,18.67061800,USDT,0.04667063,0.04667700,Wallet,"",""
57173144,2025-09-18 17:58:20,Deposit,Crypto Deposit,2427713952,2427713952,XRP,300.00000000,922.88079600,"","","","","","","","","",Wallet,"",""
57173144,2025-09-18 18:02:00,Deposit,Crypto Deposit,2427705914,2427705914,ETH,0.10000000,458.99190500,"","","","","","","","","",Wallet,"",""
57173144,2025-09-18 18:02:20,Deposit,Crypto Deposit,2427705809,2427705809,SOL,0.61330545,151.87720500,"","","","","","","","","",Wallet,"",""
57173144,2025-09-18 18:58:52,Spot Trading,Sell,1295192105,2427723086,"","","",ETH,0.04530000,207.92333300,USDT,208.89777900,208.92427800,USDT,0.83559112,0.83569700,Wallet,"",""
57173144,2025-09-18 18:58:55,Spot Trading,Buy,717379605,2427722507,"","","",SOL,0.31400000,77.75806100,USDT,78.70096000,78.71094300,SOL,0.00125600,0.31103200,Wallet,"",""
57173144,2025-09-18 18:58:59,Spot Trading,Buy,149385190,2427723090,"","","",HBAR,854.00000000,210.51707200,USDT,212.56914000,212.59610400,HBAR,3.41600000,0.84206800,Wallet,"",""
57173144,2025-09-18 18:59:10,Spot Trading,Buy,124694854,2427723734,"","","",SUI,6.90000000,26.87411000,USDT,27.40404000,27.40751600,SUI,0.02760000,0.10749600,Wallet,"",""
57173144,2025-09-18 19:03:01,Spot Trading,Sell,259552359,2427724554,"","","",XRP,200.00000000,615.25386400,USDT,622.00000000,622.07890100,USDT,2.48800000,2.48831600,Wallet,"",""
57173144,2025-09-18 19:03:11,Spot Trading,Buy,1545814525,2427722104,"","","",BTC,0.00200000,234.27440500,USDT,235.56842000,235.59830200,BTC,0.00000800,0.93709800,Wallet,"",""
57173144,2025-09-18 19:03:12,Spot Trading,Buy,109562698,2427724141,"","","",ARB,400.00000000,209.88546800,USDT,211.28000000,211.30680100,ARB,1.60000000,0.83954200,Wallet,"",""
57173144,2025-09-18 19:03:14,Spot Trading,Buy,5820935,2427722107,"","","",HYPE,2.80000000,164.01211700,USDT,168.42000000,168.44136400,HYPE,0.01120000,0.65604800,Wallet,"",""
57173144,2025-09-19 09:27:40,Convert,Convert,2091975997472692837,3666860,"","","",SUI,6.87240000,25.01290300,QNT,0.23411996,23.02976200,QNT,0.01314027,1.29257400,Wallet,"",""
57173144,2025-09-19 09:28:34,Spot Trading,Sell,717468055,2427800811,"","","",SOL,0.18700000,44.60935700,USDT,45.44287000,45.46768200,USDT,0.18177148,0.18187100,Wallet,"",""
57173144,2025-09-19 09:28:34,Spot Trading,Sell,717468055,2427800810,"","","",SOL,0.19400000,46.27922600,USDT,47.14588000,47.17162200,USDT,0.18858352,0.18868600,Wallet,"",""
57173144,2025-09-20 10:38:39,Convert,Convert,2092754752352872416,3668238,"","","",QNT,0.71939746,70.53588400,USDT,64.88137899,64.90574500,USDT,4.74978608,4.75157000,Wallet,"",""
57173144,2025-09-20 10:41:09,Spot Trading,Buy,717642815,2427882737,"","","",SOL,0.52500000,125.78605100,USDT,124.63500000,124.68180700,SOL,0.00210000,0.50314400,Wallet,"",""
57173144,2025-09-22 00:50:54,Spot Trading,Sell,717643104,2427995805,"","","",SOL,0.14300000,31.53099300,USDT,33.16027000,33.19270800,USDT,0.13264108,0.13277100,Wallet,"",""
57173144,2025-09-22 00:50:54,Spot Trading,Sell,717643104,2427995808,"","","",SOL,0.03700000,8.15836900,USDT,8.57586000,8.58424900,USDT,0.03430344,0.03433700,Wallet,"",""
57173144,2025-09-22 00:50:54,Spot Trading,Sell,717643104,2427995794,"","","",SOL,0.11600000,25.57758800,USDT,26.88996000,26.91626400,USDT,0.10755984,0.10766500,Wallet,"",""
57173144,2025-09-22 00:50:54,Spot Trading,Sell,717643104,2427995803,"","","",SOL,0.03000000,6.61489400,USDT,6.95940000,6.96620800,USDT,0.02783760,0.02786500,Wallet,"",""
57173144,2025-09-22 00:50:54,Spot Trading,Sell,717643104,2427995804,"","","",SOL,0.11000000,24.25461000,USDT,25.50130000,25.52624600,USDT,0.10200520,0.10210500,Wallet,"",""
57173144,2025-09-22 00:50:54,Spot Trading,Sell,717643104,2427995795,"","","",SOL,0.01200000,2.64595700,USDT,2.78244000,2.78516200,USDT,0.01112976,0.01114100,Wallet,"",""
57173144,2025-09-22 00:50:54,Spot Trading,Sell,717643104,2427995797,"","","",SOL,0.07500000,16.53723400,USDT,17.38575000,17.40275700,USDT,0.06954300,0.06961100,Wallet,"",""
57173144,2025-09-22 02:32:24,Spot Trading,Sell,62972446,2428008207,"","","",WIF,106.80000000,84.92755200,USDT,89.49840000,89.58594900,USDT,0.35799360,0.35834400,Wallet,"",""
57173144,2025-09-22 06:02:07,Spot Trading,Sell,1542453272,2428029454,"","","",BTC,0.00078000,87.94383400,USDT,88.10582040,88.19200700,USDT,0.35242328,0.35276800,Wallet,"",""
57173144,2025-09-23 19:55:16,Spot Trading,Buy,1548791279,2428191791,"","","",BTC,0.00071000,79.53029500,USDT,79.33782820,79.35071100,BTC,0.00000284,0.31812100,Wallet,"",""
57173144,2025-09-23 19:56:33,Spot Trading,Buy,1297337611,2428192304,"","","",ETH,0.01610000,67.06461300,USDT,66.98727000,66.99814700,ETH,0.00006440,0.26825800,Wallet,"",""
57173144,2025-09-23 19:58:06,Spot Trading,Buy,1548792736,2428193637,"","","",BTC,0.00044000,49.28638000,USDT,49.16464080,49.17262400,BTC,0.00000176,0.19714600,Wallet,"",""
57173144,2025-09-23 19:58:06,Spot Trading,Buy,1548792736,2428193635,"","","",BTC,0.00027000,30.24391500,USDT,30.16919790,30.17409700,BTC,0.00000108,0.12097600,Wallet,"",""
57173144,2025-09-23 19:58:06,Spot Trading,Buy,1548792736,2428193634,"","","",BTC,0.00045000,50.40652500,USDT,50.28200100,50.29016600,BTC,0.00000180,0.20162600,Wallet,"",""
57173144,2025-09-23 20:00:03,Convert,Convert,2095270606755907423,3673486,"","","",HBAR,850.58400000,186.54421400,BTC,0.00157425,176.33882600,BTC,0.00008439,9.45290400,Wallet,"",""
57173144,2025-09-23 20:04:00,Convert,Convert,2095272633980475997,3673495,"","","",HYPE,2.78880000,124.43696800,SOL,0.55121141,118.16530200,SOL,0.03009909,6.45245700,Wallet,"",""
57173144,2025-09-23 20:06:45,Convert,Convert,"",2428186963,"","","",WIF,0.09192000,0.07199220,ETH,0.00001739,0.07243810,ETH,8.7E-7,0.00362400,Wallet,"",""
57173144,2025-09-23 20:07:57,Spot Trading,Buy,76868210,2428192835,"","","",QNT,0.46700000,43.24532400,USDT,43.82328000,43.83039600,QNT,0.00186800,0.17298100,Wallet,"",""
57173144,2025-09-23 20:07:57,Spot Trading,Buy,76868210,2428192834,"","","",QNT,0.00100000,0.09260200,USDT,0.09499000,0.09500500,QNT,0.00000400,0.00037000,Wallet,"",""
57173144,2025-09-23 20:26:45,Spot Trading,Buy,63797478,2428196280,"","","",WIF,18.60000000,14.56760300,USDT,14.63820000,14.64057700,WIF,0.04650000,0.03641900,Wallet,"",""
57173144,2025-09-24 02:03:36,Convert,Convert,2095457978999169523,3673919,"","","",WIF,18.55350000,14.61928300,USDT,13.88985513,13.89352700,USDT,0.81026846,0.81048300,Wallet,"",""
57173144,2025-09-24 05:50:29,Spot Trading,Sell,76865441,2428240931,"","","",QNT,0.73700000,71.35591300,USDT,71.18683000,71.20565000,USDT,0.17796708,0.17801400,Wallet,"",""
57173144,2025-09-24 18:25:39,Convert,Convert,2095964123715133939,3674958,"","","",USDT,84.95378275,84.97624300,USD,82.34000000,82.34000000,USD,2.52280320,2.52280300,Wallet,"",""
